Employee_ID,Employee_Name,Position,Salary,Hire_Date
30495b3d-a191-4cc5-a500-c00781cc3268,Employee_0,Position_8,138070.87,2023-07-30 19:10:15
6ef8db61-ca18-4744-a3b3-d7b908c89ef3,Employee_1,Position_7,54538.97,2017-01-09 21:05:47
24b4f1d6-55fd-478d-bd5b-a542017f5a04,Employee_2,Position_8,121253.57,2022-08-23 14:12:55
7a98669a-b614-46ca-aad1-78ae1faff2cc,Employee_3,Position_9,89964.4,2015-01-31 05:26:09
b1dde2cf-42a2-4018-a8d9-e65a16c5084c,Employee_4,Position_2,102308.13,2020-08-13 02:35:09
342d6661-93fb-4551-9bfc-1dc1dc082772,Employee_5,Position_1,75126.98,2021-10-11 17:05:19
4fe87018-dd3b-4d95-84df-67419b06955d,Employee_6,Position_9,137744.93,2022-04-08 00:05:13
73e1f3dd-2afd-46e5-9f32-6f6706c94c5b,Employee_7,Position_1,67386.96,2015-10-13 22:41:55
c2f3b339-e9af-48bb-a438-4c217339e5d1,Employee_8,Position_8,149383.82,2016-09-11 04:25:52
f5e78613-0949-4182-b00b-f0f2bc4185a8,Employee_9,Position_3,39857.61,2022-10-08 16:11:35
c8282027-e074-46d1-8a7c-348cd9bbc11b,Employee_10,Position_7,123070.68,2023-06-21 17:44:43
fef7236c-1a15-4f95-8080-0e9be98007f5,Employee_11,Position_6,47903.61,2018-12-18 08:32:05
e8e063ca-d907-48d4-94a1-4f73096a344b,Employee_12,Position_8,77732.0,2024-08-03 22:09:59
eae56b9a-790c-4e22-8f77-74482e016a67,Employee_13,Position_6,131533.58,2019-10-25 01:05:15
f78c1b5f-e3fe-4fdd-9a6b-fc17355b62b4,Employee_14,Position_9,79502.84,2017-10-01 01:27:53
42e054c6-00ef-4467-842d-1b3023aeeda6,Employee_15,Position_3,147493.28,2018-03-18 17:04:25
d2192ca5-6951-4742-a68c-e7055b5b0f68,Employee_16,Position_4,133705.74,2016-01-12 12:14:19
d96e9425-65f5-4012-ac3f-14ee0fed0d28,Employee_17,Position_8,68863.48,2020-08-18 15:20:12
77678e98-a757-4abc-a2f9-f5f1b91e0085,Employee_18,Position_2,82791.35,2020-07-24 17:38:47
d50411d7-bee4-4b33-9e1d-0738368388b6,Employee_19,Position_9,36406.8,2017-03-25 20:55:57
1e4d815e-1fbb-49c5-af00-7297331579ed,Employee_20,Position_8,142890.79,2018-08-08 10:53:03
098bd4bc-ff13-4616-a269-0f9f255981b0,Employee_21,Position_5,122482.98,2019-07-26 18:06:45
52794bc8-fb0b-4d20-a42e-c4987743f3a0,Employee_22,Position_3,106835.34,2020-11-13 04:05:01
04e73dd0-5d64-4a73-96ac-58cb6e66fac6,Employee_23,Position_1,149193.14,2020-06-24 12:13:50
927c4961-2f35-4668-91eb-012024ad453a,Employee_24,Position_8,57871.54,2015-05-31 00:23:09
c511633e-2304-4b7f-85d9-85e4ca4c99a9,Employee_25,Position_9,118095.95,2023-02-19 11:37:32
c7e90832-6175-4dc3-aced-4d4f0a0405c3,Employee_26,Position_7,141441.5,2024-01-17 01:53:36
6d86bdd0-c8e6-4fba-83ba-fa8702413657,Employee_27,Position_1,94920.7,2019-11-22 22:03:33
fe663750-5dfb-4b69-beda-2efd440eae23,Employee_28,Position_5,129411.36,2015-10-05 14:04:12
03240a2f-5210-4ebc-98f6-003857290dd0,Employee_29,Position_5,83253.02,2019-09-11 07:58:37
fa036dbe-f204-4e61-a22b-50610b840ae4,Employee_30,Position_6,64881.89,2021-04-10 11:48:47
01ef8749-7173-4705-901c-384b7740f7ee,Employee_31,Position_9,132985.96,2017-02-04 06:21:45
35400d17-3d33-44be-805b-26daca8683a0,Employee_32,Position_7,48488.95,2016-11-12 07:43:13
aef22c8d-9e90-4445-9bf4-e5eafe64d9bd,Employee_33,Position_4,55541.96,2015-01-20 23:36:32
c4f2c5a4-c2bb-4728-8ae1-e378bda53f2b,Employee_34,Position_9,147346.95,2017-04-09 08:46:01
85f9450d-c8d2-4c43-80a1-b451ef94e3f4,Employee_35,Position_5,72335.38,2015-12-21 00:42:11
3d47e2c9-aa23-47a8-aa94-3a0f2ec8202a,Employee_36,Position_5,122819.26,2021-03-19 13:43:57
681f5bea-cb45-4d12-9338-37cf9041b8fb,Employee_37,Position_7,99193.56,2022-09-21 04:01:03
b516a656-5406-48b1-9336-51cc124555e5,Employee_38,Position_7,149642.56,2018-03-13 06:30:27
51a37d43-9ca4-47e0-b6b2-f6a0245fd4a9,Employee_39,Position_3,37149.32,2020-04-30 05:56:01
e5e4930b-dcc2-46a9-bd5d-4d2a9cc9591b,Employee_40,Position_2,144882.33,2024-10-20 19:04:26
99340fe5-c761-4a10-bc7e-21d57e74bb97,Employee_41,Position_7,125488.37,2017-07-24 03:08:17
82ed94bb-c123-4654-bded-c6d7819d9796,Employee_42,Position_7,124498.01,2021-01-29 10:54:37
326ec24d-ffa8-4b32-afa3-b12485e44370,Employee_43,Position_7,88776.23,2018-11-25 11:57:29
1b1eb586-1570-4329-844a-7ed8c8312da0,Employee_44,Position_7,136345.36,2017-06-26 07:05:23
e088283e-687b-4d21-81f4-ffc0c30bd792,Employee_45,Position_1,30128.93,2020-03-12 06:17:07
2b94a42a-2f6f-408f-9f0f-e87b450582e6,Employee_46,Position_4,89615.86,2024-07-28 20:36:37
26380d29-f9d2-4412-a92a-16d0bdcc71f8,Employee_47,Position_3,142078.68,2018-09-01 00:16:33
a82b90a0-5a12-4a25-9076-d36e2f5b229b,Employee_48,Position_4,134171.51,2023-11-01 15:23:28
a56c8f3d-d3ff-44a9-822b-79f15dcbc354,Employee_49,Position_5,98584.24,2017-04-02 13:01:48
87787e81-e3a0-4929-a00d-8420abbad845,Employee_50,Position_3,46543.52,2015-10-17 12:58:28
9e6da8e1-0d23-4d92-947b-d521f82c98b0,Employee_51,Position_4,41778.06,2019-12-10 13:20:31
2a96cec4-be47-45fc-ab0a-7d72a235113d,Employee_52,Position_7,138104.87,2018-08-31 09:54:57
1d4c7c2a-10ff-47da-9c16-5f44321d084a,Employee_53,Position_4,42372.55,2017-02-01 09:56:02
4e912c9c-cbc6-47c2-bfed-f232ee9a4942,Employee_54,Position_4,134550.34,2020-06-11 21:41:32
ae005ff9-f437-40d0-ae65-5bf66818ea21,Employee_55,Position_6,121190.56,2016-12-28 03:52:57
7cf86af5-93ab-49d2-8b85-bb6af3bdff89,Employee_56,Position_2,81853.0,2015-03-15 16:23:15
7e866108-566b-4647-8413-f31257030462,Employee_57,Position_9,127934.69,2017-02-07 16:26:53
eb80118a-f0ef-4895-8e55-472b7cba5ab8,Employee_58,Position_2,36041.15,2024-05-14 02:52:58
a9740380-a2f6-4056-b7ac-a725828e4c69,Employee_59,Position_6,143700.47,2015-04-11 11:50:53
385d7e68-6c63-4828-8bd7-5f13d0848bc4,Employee_60,Position_5,119312.1,2015-12-14 08:20:25
0778d8ef-e863-4d5f-b5ec-226664c75def,Employee_61,Position_4,42837.28,2019-09-08 23:12:01
311be95d-8b18-4f47-b2a5-6eeaf048212e,Employee_62,Position_9,70775.29,2022-12-03 15:15:01
800bf5b9-d57a-4f90-ad4c-3ac499b4de7b,Employee_63,Position_2,60743.02,2020-01-19 12:03:45
ba34b98f-be25-4ada-8aaf-5ffc2925f85d,Employee_64,Position_1,37792.57,2024-03-02 04:51:24
1136a77d-c0b0-4db0-a5ca-9243773cf3ca,Employee_65,Position_7,139702.67,2021-05-13 14:12:02
d3f64578-9096-4837-bccf-40b80ec8c1f3,Employee_66,Position_3,136934.86,2024-09-08 05:22:48
1727c8ab-d824-4f8c-83cf-86d2a1595196,Employee_67,Position_2,42759.54,2019-12-15 04:14:57
f82d3a14-ddc6-4848-b53c-466311f9781f,Employee_68,Position_8,137761.13,2018-04-02 00:23:20
bfb3b63b-0827-4dd3-80c2-89812343c4e4,Employee_69,Position_4,46625.73,2015-02-10 03:44:16
95173a31-e2ee-4ab2-b2fe-1d4046c0d720,Employee_70,Position_3,39147.86,2017-10-26 05:40:35
b390c5e5-a315-4aea-ae0d-f33dbc709fba,Employee_71,Position_4,111429.78,2019-04-13 13:50:11
11b7bd73-931f-4240-abfc-c980e94b79fd,Employee_72,Position_2,119211.08,2020-11-21 21:49:15
e21155e9-ab6b-4973-9166-1c5cb29f48bb,Employee_73,Position_7,41585.09,2019-03-18 21:02:53
ecafd8aa-be93-4a22-a598-fa04b6034f81,Employee_74,Position_3,91232.44,2017-05-20 19:15:44
78f7125d-36a2-4d5d-9021-eea82dba85f7,Employee_75,Position_1,122396.62,2016-08-31 12:17:04
9df6d7e0-410a-4ee7-a37d-cc826ac4245b,Employee_76,Position_3,106302.14,2019-08-04 03:54:31
c1051855-1a1a-4422-8bea-9a9e9de11a48,Employee_77,Position_1,133134.15,2019-12-01 01:14:06
137ef606-c906-40eb-8dbe-ebcd5c28e289,Employee_78,Position_1,135515.04,2018-05-04 11:34:10
ea79f756-49bd-415f-addd-0b82f39fe3c9,Employee_79,Position_6,142370.84,2016-01-14 22:28:03
94c51a2d-0ff0-4f33-8afb-64657836d134,Employee_80,Position_9,68682.45,2015-03-18 22:26:45
5398a167-a559-4ba8-9e8d-3b6be4ec7100,Employee_81,Position_4,62927.21,2017-03-27 13:41:16
ee830670-d091-47db-aeb6-376c1d1ebba1,Employee_82,Position_3,41525.03,2018-01-14 04:02:39
d66f8864-6d09-4b1d-9a11-f7406ad8ca19,Employee_83,Position_1,56183.61,2015-01-29 19:48:41
52f3f4fb-3589-46b3-b12c-faa8a4710249,Employee_84,Position_9,125250.89,2015-12-11 08:27:26
e335744d-92d8-46a4-8e4a-a8161944df12,Employee_85,Position_7,71964.98,2017-07-31 18:48:23
0f16dc9d-f70f-4388-99f6-5b027428e9c8,Employee_86,Position_1,76731.86,2023-07-10 13:49:16
1aa35867-8d62-49a0-8cc5-51fe0de95120,Employee_87,Position_1,53690.95,2019-09-06 20:23:15
a96bc40c-4c7c-4b08-8253-415778619a77,Employee_88,Position_4,79422.1,2020-12-09 15:03:00
8ec5e3c4-439b-4f7d-b7f2-8f7bded1b0a3,Employee_89,Position_3,122098.69,2018-07-08 05:44:44
7e157413-d2a1-42d6-a1d8-5ac6cdebd2c9,Employee_90,Position_6,140793.17,2017-06-11 22:05:35
323d3dbf-47af-4a61-b861-d933408b7138,Employee_91,Position_1,111867.49,2018-07-05 09:10:39
dee234b7-cd46-4e28-9cf7-6ae0fbe4e91c,Employee_92,Position_4,136193.62,2022-04-05 19:27:22
a29ee163-6ad8-494d-81da-04f0fce4eeff,Employee_93,Position_3,95475.32,2022-12-01 19:27:46
b01e8d69-00c5-4cd9-ad70-61e4cd72f4e0,Employee_94,Position_4,121290.52,2018-12-01 15:15:10
37361f53-50f7-44c8-a55f-93ea34663a8b,Employee_95,Position_4,71105.76,2015-05-03 21:52:10
5c9b6b87-e4a2-4c11-81d3-3ae92ac2e9c1,Employee_96,Position_7,54668.25,2023-04-20 21:25:02
bf7450d5-19e4-48c6-aa33-81659f7d6fae,Employee_97,Position_5,57683.77,2017-11-13 21:21:22
e0bfa7f2-d3ea-4050-9d5d-20ed5221f036,Employee_98,Position_5,38780.54,2018-09-01 10:15:19
e8559a03-2c99-474f-9bfe-49736d8eaf39,Employee_99,Position_3,142874.82,2024-07-04 02:06:48
75b4e332-2df9-4c68-8b89-14b8e025a3cb,Employee_100,Position_3,40931.91,2017-10-21 14:11:15
bd8668b5-fbdd-49de-b369-2cf7879f3d16,Employee_101,Position_4,99404.19,2018-03-07 14:46:09
1ca4f5f4-7735-49d3-b3fc-9a1af5c0efc5,Employee_102,Position_8,33826.11,2019-12-27 02:36:47
9a9fcf35-3f11-49a3-b9c4-8b30f985aaa3,Employee_103,Position_2,92807.09,2020-02-02 04:13:33
8862d901-a46b-4b4c-b0e8-a3e58941dd4f,Employee_104,Position_1,76990.74,2016-01-31 10:25:34
cf3f0f14-dbda-4fc2-b483-008ac28b763c,Employee_105,Position_2,43063.54,2024-06-14 02:16:09
5cc26c73-b3c7-4c17-86aa-2615ee90c47a,Employee_106,Position_1,85748.09,2015-09-29 18:35:11
3070d7f8-5196-4dfe-814a-f77229a805ce,Employee_107,Position_7,126405.75,2018-12-17 17:02:44
d48eb409-d3f8-4b80-8fd9-0146e5b57195,Employee_108,Position_4,124330.3,2015-09-29 19:21:32
7bbc0672-3fda-4e75-a346-1439b8a7d9ac,Employee_109,Position_9,116847.3,2021-05-27 07:05:47
c04ee2ff-de15-4f3d-9511-caf69db1792d,Employee_110,Position_9,106920.98,2019-06-09 15:27:41
643aa236-3629-4433-a85d-8c6fb0db8602,Employee_111,Position_8,36085.14,2020-12-28 19:26:41
5edd99e8-4f2b-4e87-8ebb-bbf533c1a56c,Employee_112,Position_2,107937.99,2017-09-09 16:21:24
9f3b1d85-606d-4243-87c9-f600f7884559,Employee_113,Position_5,88762.64,2024-12-14 07:09:19
a2dcd7c6-05f7-4b70-a740-e482dbd3d891,Employee_114,Position_8,103220.89,2017-04-01 12:38:54
2319f2ac-89cd-4fc0-adde-bd1fdb528772,Employee_115,Position_8,58082.98,2021-04-10 20:57:39
9e77cb0d-c466-4702-86cb-1026f46475cb,Employee_116,Position_3,116374.75,2021-01-05 06:27:51
9217b253-167a-43b0-a68c-721f762fb46a,Employee_117,Position_8,34311.3,2023-05-15 14:56:14
5a1f2c0d-d8b4-44b5-9a25-5ce0d8d66fee,Employee_118,Position_5,91563.33,2016-11-27 10:32:43
8d504574-c0a2-4c8c-ac0f-93b883321ccb,Employee_119,Position_9,92893.47,2016-07-21 13:39:37
c1f3fac4-d118-49cc-a78b-c5c3cbe05380,Employee_120,Position_2,82651.2,2016-11-05 14:17:32
42af60d8-b605-40b4-a499-996d5037ee12,Employee_121,Position_7,109871.9,2016-05-22 18:21:54
672e42f8-6b4b-429d-9454-163d3ba78d48,Employee_122,Position_4,138319.17,2021-12-17 15:30:36
8e4c9697-0e9d-4265-9ed2-6961d5a28b56,Employee_123,Position_3,68042.43,2024-11-08 13:56:23
c6d51618-fc9c-46cd-9b86-49fce0b8edef,Employee_124,Position_9,104527.56,2024-01-22 15:00:27
675075ac-c96d-486e-9d36-e98b104b777a,Employee_125,Position_7,106486.11,2019-09-06 11:21:03
874404fb-0b33-423c-a9d5-0cfca1a9529f,Employee_126,Position_3,86390.46,2023-08-25 02:53:57
225e6252-0c03-42d2-baa3-e9402ddd3ab3,Employee_127,Position_7,134804.89,2024-06-24 07:19:00
ee11bdcc-65d1-4e67-9ca1-927b315e3c1f,Employee_128,Position_5,93193.89,2020-03-06 08:08:15
871ff073-cd51-4abc-a2dd-741883167e0f,Employee_129,Position_4,103177.43,2021-03-06 19:24:59
ca783ddc-bfc2-462e-97ec-230db6f06070,Employee_130,Position_2,62310.2,2021-07-29 12:41:36
423b2038-a47f-4d3e-8a9f-144b2681f87f,Employee_131,Position_2,102329.51,2021-11-26 13:47:17
13138b24-77df-4ce6-9494-63edb9aac21c,Employee_132,Position_3,106246.72,2015-10-04 01:13:00
a15fef37-b3f0-4800-a5e7-d77b4b7e9e6c,Employee_133,Position_9,99523.61,2024-02-06 11:32:10
7f3fed2a-99d0-4cb9-a434-f6492ee54671,Employee_134,Position_8,37042.77,2015-09-09 17:37:30
697604a6-2016-4b9c-86e5-43797862b8fa,Employee_135,Position_2,108167.29,2020-12-23 18:18:14
7b1e4751-d135-4d76-8cd3-250855860be4,Employee_136,Position_4,138979.06,2024-01-18 12:48:51
2aa36e0b-54b5-4f42-9c68-076c6d061947,Employee_137,Position_7,84758.6,2019-07-20 22:27:22
03b03076-ae17-40b2-8ea2-e16b5821323c,Employee_138,Position_1,121141.34,2019-12-10 02:15:32
8f454a86-848c-4452-aba1-4defc68ab960,Employee_139,Position_9,146781.26,2021-10-26 12:21:47
b15b9a92-a529-4114-a4ec-a60f0495111d,Employee_140,Position_2,77070.0,2017-01-30 21:09:01
fbe6f375-51fd-418b-96d4-e2a6dc2bb535,Employee_141,Position_6,120139.02,2017-01-28 12:47:16
49c2c4cb-a715-4e4d-80cd-50a90a17d40a,Employee_142,Position_4,116900.84,2019-10-18 13:39:40
fd9fa2ef-1814-4bcc-a37d-edebabca97a0,Employee_143,Position_9,72909.19,2022-09-08 02:38:28
c9fd07e8-fe83-44e5-925e-1f5ed2f76287,Employee_144,Position_2,75003.92,2016-04-09 03:47:49
4f0cd25c-f219-4884-9ded-c3087a5b52a0,Employee_145,Position_6,50314.55,2023-05-24 00:56:36
fc55d3a4-8df2-4ab6-9faa-50371be6528e,Employee_146,Position_3,129942.58,2021-03-30 09:42:59
87eabe7d-df00-4284-9ced-83062f0a4b2a,Employee_147,Position_4,65862.45,2021-01-05 11:08:10
97f03b0e-a37e-4511-a26f-4b6411497ca0,Employee_148,Position_7,128882.39,2015-10-11 03:37:14
c16cb13f-2b44-471b-b264-83027c127428,Employee_149,Position_6,34922.02,2021-02-08 02:37:31
1ff96ff8-aeaf-47c4-a25a-12c0752ae7d9,Employee_150,Position_6,107862.62,2016-05-30 14:41:55
79e4088a-a2ad-418e-9e05-884a4e6c1ed3,Employee_151,Position_7,67118.93,2022-01-25 18:49:52
0505194b-d2f1-4be0-9a90-ff634d22788b,Employee_152,Position_3,64354.27,2015-05-01 02:21:37
4fcf44ff-205e-4da5-b5b2-1e80cb97a10f,Employee_153,Position_3,87155.42,2019-01-10 01:33:35
f09dfdbb-2d24-4e13-bdda-bf97836c610b,Employee_154,Position_8,50927.31,2020-09-10 05:02:25
d0a276bd-8a03-4581-a4ca-130d469eaf62,Employee_155,Position_9,48505.45,2015-06-16 13:46:54
ec83035c-310a-4d4a-bfcc-7e1cd9a78ebf,Employee_156,Position_2,119627.26,2018-12-13 15:39:11
39a6c41f-5057-4d7a-946f-56e1152b86b5,Employee_157,Position_9,130560.18,2020-03-18 22:57:34
05210d5e-3649-4b0d-8f47-c3c76423dd88,Employee_158,Position_3,44272.93,2015-08-07 07:58:16
faafb18b-8495-485e-b42c-99f438a5e758,Employee_159,Position_9,51262.02,2018-05-31 13:44:17
8dfbf472-d9ef-40e7-97d1-5ac42e31a436,Employee_160,Position_5,133050.23,2017-05-16 18:04:34
3d9c5e4e-93d6-4974-9a58-c7ef7c7ec407,Employee_161,Position_7,118658.42,2017-07-31 09:21:11
c14fa9f6-75a9-4b0b-8802-5a9772cf1976,Employee_162,Position_3,110215.44,2024-11-19 17:52:26
704211dd-066d-4bff-bb51-6700695b7427,Employee_163,Position_7,65254.58,2022-05-07 05:55:32
a4e0d17d-eeeb-4959-ac06-748338247b52,Employee_164,Position_9,149523.77,2016-07-15 18:11:06
03adf756-4d01-4505-8c29-db901167e298,Employee_165,Position_9,48685.55,2017-08-06 02:35:28
42b46a87-a8b3-495f-907e-e390cc6f7a20,Employee_166,Position_8,58455.44,2021-11-22 12:55:55
86b5832f-1b61-40d5-bc7a-6e70f5a5e60c,Employee_167,Position_6,37602.32,2015-04-21 06:36:18
818251e0-d417-4253-8824-d562d551b058,Employee_168,Position_7,88208.52,2016-03-12 05:25:58
70a4d8cd-bab0-4d84-a6b9-f1b5fba471f0,Employee_169,Position_7,75089.63,2024-05-30 04:21:15
27e371b1-4cca-41a9-b54b-7cc89228d453,Employee_170,Position_9,143701.72,2019-07-25 07:37:28
e710a4ed-acd9-4a79-aa37-f8ecf4aa036c,Employee_171,Position_5,32518.0,2019-08-28 06:59:33
79244926-67a3-4cad-b51c-cf847bdc554d,Employee_172,Position_6,69411.41,2020-11-20 19:34:59
407307f6-fc66-4692-8ea1-3168916cf2aa,Employee_173,Position_2,34182.79,2024-11-03 08:07:21
c8ac0f80-f76e-4a38-aa49-92c403c8cefd,Employee_174,Position_1,80495.37,2018-12-20 00:53:04
87e0fad5-d86b-4705-a847-fefcf214ea23,Employee_175,Position_6,42432.44,2020-12-21 01:46:36
402b535a-7ad0-4954-914c-02dcbbd44d45,Employee_176,Position_4,70614.32,2016-08-31 18:01:05
cddb90df-8c8b-4a0f-a2e0-d134278640c4,Employee_177,Position_5,133480.94,2019-09-07 05:53:52
d1e21296-56cb-4d20-8619-29c3a53f35c9,Employee_178,Position_3,109766.27,2021-03-08 21:04:24
5cee663f-ff21-47b5-9e22-4730ffa01721,Employee_179,Position_9,38670.95,2015-10-22 22:23:21
aa311782-7ca8-4a67-bfc5-343875dd80b4,Employee_180,Position_8,132914.72,2019-06-04 05:34:17
3e56f404-b60b-4083-a6f4-fd5e907f6277,Employee_181,Position_5,134661.53,2016-12-31 11:24:10
03702935-8569-49f9-a127-0fabeb9caaec,Employee_182,Position_1,65094.28,2018-07-03 09:34:29
0a960bb8-81a7-461d-a63c-893ec10e91c9,Employee_183,Position_7,32885.78,2020-08-16 23:37:31
f8d9a89f-6377-4fcc-9271-77471f8d11af,Employee_184,Position_3,74885.41,2017-09-11 04:03:18
e8afbe66-d862-41a4-9171-0e6a1bd95e64,Employee_185,Position_8,125558.91,2023-10-25 20:10:11
a5a5a664-da04-4990-96a3-23d6e37e229f,Employee_186,Position_3,49271.45,2022-07-20 21:18:59
be86104f-19d2-4cc1-af89-dbb914532ac5,Employee_187,Position_4,89616.27,2020-07-14 07:16:07
7eed3b97-cee9-4a76-b162-cab91d9fcc4d,Employee_188,Position_6,38519.99,2020-05-04 09:47:18
cb5b78d9-7fa7-46ed-9d36-791a33433264,Employee_189,Position_9,76715.28,2023-09-14 18:37:03
d154c287-6ff5-4de6-81e1-25856f14e753,Employee_190,Position_1,44368.66,2015-01-11 06:20:27
acb49326-e8f8-41ba-bcec-b0c421b5c87e,Employee_191,Position_6,56565.95,2015-10-19 13:51:49
fbcc29d3-b90b-4262-b53f-54017db03440,Employee_192,Position_2,62204.08,2017-07-13 02:00:28
3c7b1649-20fa-41f1-b686-e28a8def55e1,Employee_193,Position_3,83255.46,2023-01-07 09:07:24
db8c8498-adb9-4bac-87fb-a29776f81cea,Employee_194,Position_4,141185.28,2020-12-26 23:06:57
e25aac0f-762e-40b5-ab48-cbf89f771494,Employee_195,Position_1,43760.15,2015-09-14 07:24:56
5a3aa013-5f03-4887-85aa-65e356d6c283,Employee_196,Position_6,51289.35,2022-02-27 04:38:11
9af489c2-4491-48f8-a607-a5fab7a8fd1e,Employee_197,Position_5,108458.58,2022-10-01 12:22:31
aeca5d3b-9617-495b-b594-756155d3730c,Employee_198,Position_3,143132.44,2023-03-15 21:18:50
2895e62b-ddfd-4581-8322-7aa66fb2c2af,Employee_199,Position_1,49669.81,2016-01-05 16:24:55
fedae370-296d-4c0c-a7f0-130600c7090c,Employee_200,Position_5,33262.22,2017-07-02 11:40:32
1b6ae534-632a-4293-9baa-a19167566fad,Employee_201,Position_3,130760.65,2015-02-23 18:27:01
2b6a080c-0814-4f15-ae48-0b301a11b7d0,Employee_202,Position_6,130765.44,2021-06-16 17:26:40
1beb60f5-1b1e-4d93-a130-344cdae692e2,Employee_203,Position_3,68400.0,2017-07-13 17:27:49
75a782f7-b2a9-49c4-a3dc-71b678742d18,Employee_204,Position_5,65173.2,2020-03-02 05:25:49
5614d06e-2602-463e-82c8-df38f73d6bb7,Employee_205,Position_4,42386.91,2016-08-03 02:46:53
cc82bc46-a39d-4095-8b15-ff1836ad9fcf,Employee_206,Position_8,57367.57,2021-10-23 04:16:43
20c58eeb-318d-49f6-843f-7b44f2f36cc8,Employee_207,Position_5,106580.85,2024-09-19 19:06:54
70b6610d-0600-40cf-9414-f45926ea950a,Employee_208,Position_8,31820.75,2021-08-27 06:59:09
5f693791-8066-4dbd-b843-0f83e79ee424,Employee_209,Position_4,122639.79,2019-11-22 21:47:01
b2ea75b2-3ede-43da-8836-e2cdb902e22a,Employee_210,Position_2,90776.6,2015-12-26 09:47:08
4910cd15-bd37-4c4a-80bb-e932b9baa799,Employee_211,Position_6,140683.19,2020-06-11 15:15:42
67291048-318a-4740-83e7-a3497de69fca,Employee_212,Position_5,142287.72,2021-01-05 05:59:20
93f7d2e2-f262-4753-bf88-d25b3321f814,Employee_213,Position_9,36271.75,2018-11-07 18:04:47
41ee1cda-fcc8-4896-9c55-bd9588d0eed0,Employee_214,Position_2,86933.12,2016-05-12 15:24:41
92796638-32a4-4525-9bf5-7445d41287fe,Employee_215,Position_1,140106.82,2016-03-30 13:33:45
efab4c99-138e-46fd-85a4-5c9e7badce1d,Employee_216,Position_8,93381.45,2017-10-24 20:48:32
f228ff86-4920-4284-aab7-55376721afa7,Employee_217,Position_9,73160.5,2021-04-30 19:21:27
2a564c15-c5d6-4d77-b763-c8c04a221ab1,Employee_218,Position_2,119250.14,2019-04-06 06:02:25
349616cb-80d4-4c89-b4d5-e7dbd20839fa,Employee_219,Position_2,139432.11,2015-07-10 18:37:33
efe41ec4-8f1b-4ae3-aad1-8b4e32cd9625,Employee_220,Position_8,68737.93,2020-11-19 11:35:58
b1d652d2-ef25-4969-aeeb-b990cea1053e,Employee_221,Position_9,39118.48,2018-02-23 11:35:40
fef20015-7c6e-4856-a50f-f05da3cc39ff,Employee_222,Position_2,68463.9,2018-01-16 03:29:47
3fe7a9e4-4895-4ec7-8e65-798c9f7ccb9e,Employee_223,Position_9,49438.93,2023-02-25 13:28:39
01c19024-9331-49e3-a076-f4c44f12f1ae,Employee_224,Position_8,48701.69,2016-04-20 08:06:09
abd79222-c30d-425a-aa1e-3d1474c89198,Employee_225,Position_3,32626.22,2021-11-09 18:28:14
d7c1472b-b149-4ce9-8b7e-cb9ebf22086c,Employee_226,Position_7,96375.41,2020-09-12 00:31:48
e1f59109-cc49-497e-b747-2d04c09473fc,Employee_227,Position_4,35612.98,2019-12-20 12:19:59
a6224480-654e-4fd5-a189-039914ddbea1,Employee_228,Position_1,94554.86,2020-01-13 02:07:01
ad1ea740-8f50-48dc-a000-dbd604361d42,Employee_229,Position_4,78811.59,2017-07-04 12:38:37
00642d8d-f53b-4f66-ba73-ab7e0a2a2496,Employee_230,Position_3,53097.74,2015-05-09 03:53:55
079b9798-5a9a-4bc1-8017-9690b6790019,Employee_231,Position_3,104111.05,2018-07-20 16:32:18
05560fd5-383b-4708-9aee-d1ebd56c2f99,Employee_232,Position_3,123486.88,2015-10-20 04:03:53
e4b89ead-4638-45cb-9f9a-6e33364abf8d,Employee_233,Position_5,127713.16,2024-02-13 20:05:59
77a920fe-52f3-405a-8310-e026c39632ff,Employee_234,Position_6,132117.9,2021-03-13 21:55:01
e7c69ab7-ca50-41dd-93bf-c8bbd58fedec,Employee_235,Position_1,108489.0,2023-04-22 01:46:07
498c3914-fd47-42b3-b85e-cc8949783cdc,Employee_236,Position_4,58995.51,2021-02-28 10:52:10
acc06d3f-a177-40b4-abe9-4523ebc36b41,Employee_237,Position_9,128314.08,2023-06-17 19:31:49
9380628e-1a5e-4d26-8bce-ef5bc781531f,Employee_238,Position_3,121451.19,2019-09-08 07:02:48
8c8e881c-0607-40dd-acc2-97adcb16bb04,Employee_239,Position_3,110718.92,2023-11-21 08:06:01
b4c0b4fe-3a65-4179-a0b0-ad96f412cf65,Employee_240,Position_4,114836.12,2016-11-09 02:16:32
a0db804f-1085-4997-a46e-0d9b25cf31e7,Employee_241,Position_7,105939.14,2021-08-11 14:05:07
89e637e1-d3ad-438d-9474-bf0ea2a73440,Employee_242,Position_6,127240.61,2017-10-21 11:40:17
7ed0726c-eeb4-4413-85fe-f8724815235f,Employee_243,Position_4,134020.23,2024-03-30 10:29:59
e80a0924-5021-46e3-aa45-bd013210d957,Employee_244,Position_4,72439.19,2018-03-11 09:52:52
410159c1-df59-43b9-a3e4-e31e4f9704a1,Employee_245,Position_7,128518.89,2018-06-09 01:44:44
73623d97-2aaa-4a77-8a57-a203b7d349d6,Employee_246,Position_1,130768.29,2017-03-22 18:59:09
585cad94-dab8-4a43-9503-52923b6ac286,Employee_247,Position_7,62856.27,2021-09-11 21:01:35
c936ee85-c0be-45b2-afb6-207768249f75,Employee_248,Position_2,71743.65,2018-02-09 16:10:47
d2b90164-91cc-4fcb-9f7a-017ae1687c45,Employee_249,Position_9,37707.65,2020-12-22 12:05:22
26fc8e88-52b0-432a-8933-3ab245795a12,Employee_250,Position_8,144451.4,2024-02-25 06:52:08
a61e0ff6-f901-4e5c-bb9b-7ac07ebb2cd4,Employee_251,Position_6,140161.77,2020-05-26 07:30:02
3fc7c70e-d906-4f05-834f-329912d543dd,Employee_252,Position_3,115406.53,2021-08-01 03:14:40
ceacb160-6c20-4838-932b-5f9c73748fcb,Employee_253,Position_8,134226.64,2015-04-20 13:43:29
1fdde530-83c9-4c1d-b75c-ec83827f259f,Employee_254,Position_4,30291.61,2019-09-08 22:50:54
352816f2-c449-4e92-9fe0-676c37693ca2,Employee_255,Position_7,112056.76,2017-02-07 22:27:12
283d88b3-c015-4631-acbb-adca4b90155a,Employee_256,Position_8,65338.33,2020-03-29 09:12:40
0d5ef8af-bde3-487f-bf78-faa6a56dcdcd,Employee_257,Position_8,36587.0,2024-01-13 17:08:48
affeadae-1aca-480b-afab-fdef16d49cdc,Employee_258,Position_8,78625.04,2018-04-21 05:03:29
5c6c3169-b97e-410d-a98d-f74c428bd635,Employee_259,Position_4,79843.87,2021-11-26 19:05:33
7307253d-e28f-4589-8d11-176b7615416c,Employee_260,Position_4,138230.0,2022-01-03 10:59:01
8e687817-a53f-405e-8897-79df069591d0,Employee_261,Position_6,76085.4,2020-11-11 16:46:15
4416caee-e893-49c1-a1a5-e9f421f6e1ec,Employee_262,Position_4,138953.22,2017-02-18 14:10:22
e1383101-503e-4870-8c7e-24c3398fea6b,Employee_263,Position_9,99620.57,2016-04-06 00:09:39
05b0e346-6bf0-4bb3-be0f-51e4bff669a5,Employee_264,Position_2,99415.38,2023-09-18 04:04:37
8f6f7b43-4b8e-42ee-9ead-9dcbaa9c8fe3,Employee_265,Position_1,39918.17,2020-05-26 04:07:48
58cedda0-f045-4175-b5d7-5c1d8afff1ef,Employee_266,Position_7,87305.44,2024-08-02 08:37:22
b8dc56cb-dc1b-4384-96f9-c5ac59bdcc2f,Employee_267,Position_2,65847.16,2016-07-24 03:21:18
b59210e4-e2ea-4c8f-aeb6-6337bf303109,Employee_268,Position_5,101778.59,2022-06-19 10:49:25
b29e7e69-aa4c-4a1e-8b19-0fb088cdb87a,Employee_269,Position_7,134042.09,2022-08-08 17:42:49
fe2f20c4-b272-45c6-affb-08767d1b02a5,Employee_270,Position_1,134059.01,2024-08-16 07:35:02
e2e5d8a3-120f-4e18-9c33-7ec6a59715ed,Employee_271,Position_7,66349.25,2016-03-03 03:56:59
f37f14a1-7308-4c03-9fa0-ebfd5dd8f19c,Employee_272,Position_6,89124.81,2017-05-20 17:19:03
d2b4fec5-8e31-4e6f-bf2a-af855623380e,Employee_273,Position_6,31995.74,2020-07-25 17:57:56
6a796e6d-9688-4132-8c5e-ac42a070851c,Employee_274,Position_1,80466.27,2016-01-05 07:49:54
27fb8677-ac05-4596-a783-21ceda3317ad,Employee_275,Position_5,86371.24,2019-12-19 01:45:38
7f2813ee-4d6c-4e09-a7f5-f35ec7699bd2,Employee_276,Position_5,147963.97,2022-08-06 14:15:21
8ae7264b-d37e-446f-bf17-2ad7e9c9a64f,Employee_277,Position_6,119135.16,2022-09-14 10:44:42
13f7d68f-d0c1-41cd-ae47-23bc957a45bd,Employee_278,Position_7,139818.07,2023-09-04 15:53:32
3a88529b-c3d9-4622-a40a-ce6df43bf8d3,Employee_279,Position_7,104545.49,2020-08-10 12:40:56
75b177b8-6ea3-4be2-a083-f6189c31f56c,Employee_280,Position_9,44682.1,2018-01-11 23:56:14
fd6ae368-d711-4947-8dc2-793ddb8131a3,Employee_281,Position_9,136636.64,2019-06-06 03:09:49
823344c6-43b5-4b2c-b925-bc639952cc81,Employee_282,Position_2,139807.05,2015-12-11 03:24:26
e8cb8786-f293-44bf-b9b9-36ae4ae6d1a8,Employee_283,Position_1,65471.41,2021-09-13 17:37:07
7796144c-c12e-4b02-a80d-026cf0cd84eb,Employee_284,Position_1,137694.14,2020-04-13 03:50:58
34eb970d-305f-4c75-9c2a-da92efdec11a,Employee_285,Position_4,86785.36,2022-03-16 12:54:30
4682d8b0-9e5a-4e58-a791-7ace9f294dfd,Employee_286,Position_6,75346.79,2022-08-19 21:06:06
12cf14e4-9245-42a3-81b7-74bfb2eb41dd,Employee_287,Position_5,135520.39,2021-04-24 13:08:29
796d0370-7d1b-4188-9bde-e32c3210679b,Employee_288,Position_4,56068.73,2018-01-05 16:07:46
45ce9821-fbea-4415-842f-fc3fd7b0c302,Employee_289,Position_5,110833.91,2024-11-25 14:54:57
2a7fbdcf-d111-4987-a8b0-52849c16a0e7,Employee_290,Position_3,86370.93,2016-07-09 17:13:38
44dd9e89-a094-48fe-8dd1-8f78bd2bee7b,Employee_291,Position_6,81087.49,2015-02-16 18:42:55
c8188316-fe9a-4bab-be33-f40a641644f8,Employee_292,Position_8,72527.15,2019-01-08 20:16:00
952c9c10-5d6c-4a83-9128-a3a7c484b6f0,Employee_293,Position_7,80643.73,2021-01-27 06:14:33
12e8652d-8f09-45b1-a830-19585a302a99,Employee_294,Position_5,46120.71,2023-01-18 21:55:37
f65a18eb-7561-40cb-872b-a000d18740e1,Employee_295,Position_2,94870.62,2019-05-10 19:52:46
e0e73e4e-7eff-4cf3-a419-7f7004372dff,Employee_296,Position_3,33466.57,2016-10-25 23:00:48
7f570e29-b0f8-4348-911d-f21eadeb9f80,Employee_297,Position_5,66656.45,2024-02-11 08:03:09
bb4baa18-8107-4f12-af3a-e18b7fff9f8b,Employee_298,Position_6,71806.31,2016-10-01 04:57:12
e38cefbd-12a9-4667-b87f-62ad352d48a8,Employee_299,Position_9,67244.54,2017-01-23 14:18:10
38c77532-a827-471d-b5db-084110cf460f,Employee_300,Position_5,133039.48,2016-04-01 07:06:59
e21bef23-9554-4566-b0c3-38db2a3e27c8,Employee_301,Position_6,72030.28,2020-06-24 22:35:02
19b1fe58-49e4-4ab2-8c80-94e46578bc5b,Employee_302,Position_3,146002.33,2024-05-07 04:01:03
0086f387-defb-4ae6-b3a5-3cd876521a6e,Employee_303,Position_4,51066.91,2019-12-04 22:22:09
ec0c18c7-7a77-4e14-a94c-e7ce8b373964,Employee_304,Position_5,80773.56,2021-02-11 17:37:32
0c245c1f-f484-4176-963d-7df249640ccd,Employee_305,Position_7,138867.43,2015-07-06 15:26:23
4c923668-602d-4839-a40f-0071e2bfea9b,Employee_306,Position_7,130561.56,2016-05-18 12:23:20
85fdb16b-d4ba-4caa-8cfe-ce878a3b22ea,Employee_307,Position_6,95581.67,2020-03-04 13:38:33
13a62007-225b-4c55-b84b-8e9fabe8e828,Employee_308,Position_8,98853.31,2022-04-16 23:58:30
f6a15e71-a5ff-4011-b962-ae26b2548982,Employee_309,Position_7,86367.5,2015-02-26 10:51:46
8ab0dd64-bc86-4c9c-b8d7-1ea11f834ef9,Employee_310,Position_3,32565.38,2018-01-17 10:47:33
83400370-3766-4da6-979b-3ea7a429964f,Employee_311,Position_8,64003.74,2015-10-22 20:05:57
7696414b-036a-4351-aba7-643eed94301b,Employee_312,Position_5,113761.57,2019-04-25 14:37:18
2dbe8766-6c4f-4780-8987-40dadea11f05,Employee_313,Position_3,73407.99,2016-11-20 00:18:58
12b660fb-dddf-4d43-82ac-8aff7812bb06,Employee_314,Position_3,91762.67,2017-02-20 13:23:26
e7f7658c-e688-411d-ae55-9a35cfe21771,Employee_315,Position_8,146073.99,2018-02-23 01:15:47
7d7aee99-3d18-4e3b-a956-aa7eb4b31052,Employee_316,Position_2,75917.47,2018-05-05 01:40:15
42d9653b-28b6-4b4f-862f-4e1e819510c4,Employee_317,Position_1,106612.53,2024-02-13 21:22:12
d90497c4-35cd-4caf-976b-85e565104c56,Employee_318,Position_1,79472.35,2016-02-22 08:32:26
4e9bff14-68d2-45ff-9246-acaaaac68fa8,Employee_319,Position_6,88283.99,2023-03-07 05:41:42
e163c0b4-3d5c-4120-a886-4e4d5cae5ec9,Employee_320,Position_4,143462.62,2020-12-27 19:17:59
71355a40-391c-466f-b8a3-c9087870f5b8,Employee_321,Position_4,140647.15,2021-03-25 13:08:54
d238ecdc-3a1d-40a9-a776-236e6e95fbb3,Employee_322,Position_7,121236.06,2019-02-09 06:55:00
ecf90884-b08d-442a-8ba0-d4be72e752bb,Employee_323,Position_3,141385.85,2019-11-11 15:53:29
a2b55888-080d-497d-abf2-e05b52a308d5,Employee_324,Position_5,77083.8,2017-11-14 06:17:35
b86b4d69-b6ad-4f95-9df9-ab5d0cd60441,Employee_325,Position_1,129754.32,2021-07-24 09:56:48
d07f951f-d2e6-4c05-a536-c2e93d42bdf6,Employee_326,Position_6,134042.67,2024-10-17 14:24:06
01c4104d-5e0f-4b8a-8305-91590854c9db,Employee_327,Position_1,100093.77,2019-12-09 09:59:19
e8aec977-f6ec-47a1-9968-6ed00bd324f6,Employee_328,Position_8,102465.09,2020-10-02 04:29:12
a7c4788f-a0e3-4d8f-ba57-418492b98b29,Employee_329,Position_8,147434.73,2016-09-25 07:36:52
0ea8a96e-9943-4dd7-8458-22f779e5541c,Employee_330,Position_2,142414.76,2017-08-09 01:39:35
d01db8b1-9570-431b-abc2-c3dd010ba6f0,Employee_331,Position_5,98690.17,2024-12-26 14:37:23
7399544e-fd85-48dd-bdff-37edcfef7d48,Employee_332,Position_2,92861.0,2018-02-23 11:59:41
1ac55b38-ddf5-4568-8bbe-7d7ce1422e56,Employee_333,Position_2,77970.35,2024-02-10 13:19:21
d6be27a9-35fc-48e0-a25a-e822efe6a5d5,Employee_334,Position_6,149721.37,2022-04-13 22:20:40
d6769d6a-1839-4d6a-ae08-dedc61275f90,Employee_335,Position_7,131182.72,2023-05-17 06:07:39
96a3f26c-8169-463e-87d3-1e28fa427207,Employee_336,Position_9,63261.37,2023-11-30 11:45:16
acddab18-87f7-49ce-a969-573e98003618,Employee_337,Position_5,105642.83,2015-06-01 01:35:56
7d7a9640-6a55-4346-8fa0-3c09ef0e23bf,Employee_338,Position_2,126195.43,2019-10-07 08:29:48
e9e16348-33bf-4486-9e13-d8e2ad98497e,Employee_339,Position_5,126161.64,2015-06-17 18:16:21
f6c07098-54d6-48a4-8d8a-0706631be1c0,Employee_340,Position_2,124657.85,2017-02-24 22:29:22
8586d978-fca6-437b-ab20-b151be75dba3,Employee_341,Position_4,143666.79,2018-04-09 08:14:09
21b62e62-a714-4106-b8b4-ea4367793c85,Employee_342,Position_6,97759.91,2020-03-21 02:32:05
ce8e1ba1-1bce-4e80-a8fe-cba555021eac,Employee_343,Position_2,128698.55,2015-04-11 09:47:35
e97bf776-c271-4009-a50e-e9c10645c6a4,Employee_344,Position_5,82024.73,2017-11-10 23:38:47
509d9b74-2b19-4335-bab2-5984bc37c61f,Employee_345,Position_1,47534.38,2015-05-30 06:56:09
2fcf7d02-7fe4-4e9a-8a69-26b65e873abe,Employee_346,Position_1,51737.84,2020-10-22 04:06:33
d6490906-6506-4dab-969b-252ee8042a44,Employee_347,Position_9,107313.45,2022-06-15 11:38:53
e600fcd7-e594-4c46-8467-ef5d2f6f7ca1,Employee_348,Position_2,115413.56,2023-04-01 02:28:23
4de69590-960e-458e-9bed-4a5012b5f214,Employee_349,Position_1,136915.57,2023-06-01 07:01:22
0e2bb4d8-3c8b-41e6-aaf7-bee054ed9e62,Employee_350,Position_9,147636.77,2018-08-06 06:01:15
520f0ce7-608b-43a6-8eac-220cd210db32,Employee_351,Position_9,122911.08,2019-01-11 01:50:29
101549c8-3c45-48c5-b708-2a113c2023c6,Employee_352,Position_5,38374.65,2017-08-25 17:57:18
d5e12a98-5623-4f07-999e-80873d8605b7,Employee_353,Position_8,141581.88,2019-11-29 22:39:29
d818f1f6-ccb1-42ff-8537-d8935aca59c0,Employee_354,Position_6,84188.35,2024-07-16 18:25:37
88382a57-8d05-4e2c-8300-90d8567a9ee7,Employee_355,Position_1,35053.01,2019-10-24 11:02:14
98cc5d0d-c6c4-44cb-995e-adbbd32ddeb7,Employee_356,Position_8,146155.93,2021-01-04 14:24:35
110db592-521a-46a5-9b10-c8e58c45af00,Employee_357,Position_7,82195.32,2021-09-17 10:03:26
5d2f50a3-fd2c-4d01-a054-d1673a6fc955,Employee_358,Position_6,118352.43,2024-09-19 04:53:28
7f5c6b5c-18f6-4043-ac26-6eb6c560e8a5,Employee_359,Position_8,111590.95,2024-05-29 12:32:58
d8b5ea89-b4dc-45a0-b5ba-f58740307a94,Employee_360,Position_2,85387.61,2016-05-29 07:38:15
ad8eff7d-c57f-42c2-a9a7-f6c3889064b5,Employee_361,Position_6,75055.54,2018-09-26 05:51:53
128c3762-227d-480b-bea9-19883e4ef4bd,Employee_362,Position_9,101716.83,2016-01-12 18:53:21
43dc1aec-f564-495b-8c18-d319a8fe5cd7,Employee_363,Position_3,123521.42,2016-12-08 23:54:30
932a1d3e-8d3f-46e1-b9a2-5d495f98ccb2,Employee_364,Position_9,140934.32,2022-08-16 04:57:24
a973f5a7-515a-4a08-a84c-1883c7eca02f,Employee_365,Position_7,94890.95,2018-02-23 01:29:23
6dd1a575-b1e5-41c8-a1dd-9c26f9718598,Employee_366,Position_8,39994.62,2015-05-04 23:41:58
df4b4943-0c77-4a21-8d9c-eed9bce38ab8,Employee_367,Position_9,90049.32,2022-03-21 17:16:53
9bcf551c-6de8-4130-9d9f-eb9ebb376099,Employee_368,Position_2,148177.52,2018-07-14 16:54:23
54b46f41-cf1d-4019-90bf-4f290fa9928f,Employee_369,Position_2,77475.37,2024-04-14 08:20:29
4f69cf04-5027-4a03-af33-dd98ef173c37,Employee_370,Position_8,70184.57,2015-04-05 11:51:05
ca0fb9a6-19a5-4503-9895-6616bbd82429,Employee_371,Position_2,78118.18,2022-12-19 06:12:02
251bca2f-60fe-40f3-b2ef-7e93c2866268,Employee_372,Position_8,77818.5,2017-03-20 12:44:28
dd8093fc-33f8-46ba-ba4c-5f804a289a65,Employee_373,Position_6,92255.03,2018-11-26 19:23:19
23377c15-5c29-426d-843f-f6df1e97ca79,Employee_374,Position_5,129709.57,2018-09-13 12:39:51
07212407-2dfc-459d-a35c-d395b3310ddd,Employee_375,Position_6,80303.45,2024-01-18 20:53:53
787ed3d7-b82c-47be-9501-d85496df23f2,Employee_376,Position_4,40406.39,2023-04-01 10:07:29
fdb2b26e-e058-45a1-b732-849200bf1398,Employee_377,Position_1,87974.66,2015-01-02 09:52:15
6e033366-f828-42f6-903a-bd01b4ebf600,Employee_378,Position_7,53402.78,2019-06-24 18:55:09
ff48b346-535d-4ad6-ac37-e112ffe34406,Employee_379,Position_2,149249.85,2016-06-20 11:55:51
8c27859c-4405-4263-b3f0-541819550996,Employee_380,Position_7,112922.33,2019-07-15 08:36:29
c883a0f0-ae9d-4d34-8348-abb7dd9fa4d2,Employee_381,Position_7,142201.59,2022-07-15 13:48:30
78e03f76-f534-4550-8adb-11f1e0dca083,Employee_382,Position_6,85696.48,2024-01-30 20:47:45
56560480-c18f-48b8-8667-062d89083462,Employee_383,Position_7,67245.95,2021-03-14 19:34:47
8bbac41d-96d1-417d-b35c-b43eab2216eb,Employee_384,Position_9,38092.28,2019-10-30 06:09:43
0fd3bda6-e4af-40e1-b1fd-c0e6eada7436,Employee_385,Position_9,148359.28,2018-07-30 07:49:24
19098a61-b57e-4823-a401-893dad2a628b,Employee_386,Position_7,134721.82,2015-07-14 23:58:46
afc66b47-c604-415d-89a8-416553200c8d,Employee_387,Position_5,57278.07,2023-12-03 00:54:32
2e5ae28f-f715-4092-b7b9-6d05be2f93de,Employee_388,Position_9,115311.21,2017-05-30 19:39:07
bba779ec-8847-493f-beec-fd868d1a6378,Employee_389,Position_8,149584.09,2018-09-14 11:22:33
e5986fe3-a734-4618-a5cc-1377ef690a27,Employee_390,Position_2,33710.77,2015-02-26 01:14:19
83ffde2f-b5fc-4d4e-9713-f76fb1f92854,Employee_391,Position_8,102978.25,2016-07-23 08:22:55
86b78906-f341-4c88-8d83-113ad81cf809,Employee_392,Position_7,54678.35,2022-12-22 06:14:59
c74f62f8-4c55-4c7a-961a-3ab44b139084,Employee_393,Position_8,55320.89,2021-12-11 05:32:44
fc4c24e9-45c8-44de-8290-310a26dbe2ab,Employee_394,Position_6,35828.42,2023-03-27 19:07:52
490d9c1b-c3e8-44be-a0c4-8815aade8beb,Employee_395,Position_4,117482.36,2021-07-26 06:10:14
71378c79-44ff-4309-8828-b92614a42d8b,Employee_396,Position_6,108036.63,2016-09-15 10:47:16
1d9dce0a-d8c9-4bee-a4e1-5aeaaca1e3f1,Employee_397,Position_8,96385.27,2021-06-01 06:12:39
5d72691d-89f0-4be1-88f8-50ab85d86a54,Employee_398,Position_5,73326.74,2023-09-27 10:18:49
682805cb-1df2-4c43-b8d2-5561f6cea2d5,Employee_399,Position_1,73321.75,2018-04-13 12:04:32
49763027-e836-4b9a-99a6-59a179312f36,Employee_400,Position_6,88035.19,2016-02-17 03:26:27
2faa0345-4e93-4135-9c78-568a9a0a94f4,Employee_401,Position_3,114203.52,2024-06-25 23:42:50
f70d7a3d-3157-47f7-8a04-c7e2f3f04a3e,Employee_402,Position_8,71108.11,2017-11-07 12:30:12
95ee8fb2-3554-4f9e-9cfe-2ceb180eb49c,Employee_403,Position_7,60985.49,2015-05-22 07:16:17
8c76ca21-28a7-462f-84be-8cad669a8bcc,Employee_404,Position_9,140569.3,2021-01-06 22:23:14
09c2a488-01f5-4ea8-8348-a791d230d064,Employee_405,Position_7,53376.95,2019-05-09 13:40:43
6d8a654c-0a3a-4aee-bf36-e538ce7d4430,Employee_406,Position_7,146938.89,2024-12-24 07:26:52
0435b6ee-526e-4809-aa35-a5b3a4a1bce4,Employee_407,Position_5,146196.4,2018-03-10 02:28:43
ecd1e7ba-ac31-4026-8fbc-a17375775a0f,Employee_408,Position_1,75591.11,2020-02-18 04:42:57
154d17ea-916d-4bc9-b305-fe7773b4a66c,Employee_409,Position_9,92420.77,2020-01-13 14:12:07
886620f9-d992-42ec-ae83-134d46b737c2,Employee_410,Position_1,62870.43,2017-10-10 16:02:36
4d00af59-73cc-41f2-965a-678e1f310e31,Employee_411,Position_3,124111.48,2015-09-03 03:58:38
242df23f-0bc8-491e-a761-9ed38e0217f1,Employee_412,Position_8,52097.11,2023-02-27 16:30:20
b6d1ad3a-dca9-436c-9dd4-33bad8c0e6c3,Employee_413,Position_9,61728.17,2015-08-13 04:44:47
2fcd56b6-23b2-4802-a521-98bebaf35f3a,Employee_414,Position_7,148549.98,2020-05-06 14:04:43
18dbd5e1-e062-4ff0-ab3e-964d6aaf60c8,Employee_415,Position_6,107144.7,2024-09-09 09:06:02
5ab0e76a-ccae-488f-89b7-d670c162b30f,Employee_416,Position_4,76378.2,2020-03-27 12:32:42
713aff39-77c8-4910-b1de-e481d081d6b9,Employee_417,Position_5,74508.98,2018-11-24 15:48:16
57e26a07-afc9-460c-a6ac-4b410032bfc3,Employee_418,Position_3,48201.07,2022-01-27 23:06:06
9508bea3-db03-499b-9c8f-b3cbe783a871,Employee_419,Position_8,126412.56,2021-11-14 23:51:54
6f0ed578-33a1-4974-b9a5-f6afea8870a9,Employee_420,Position_2,90235.92,2017-09-19 11:40:08
5f22ce44-df6d-4e73-b67f-43e6572a9d28,Employee_421,Position_5,49203.93,2020-07-23 08:24:58
12413402-e8ed-4e79-a6e6-7d3ccf922b69,Employee_422,Position_8,124387.67,2017-09-20 01:15:27
818bfe5f-dd78-494b-b802-a73c875ffc6b,Employee_423,Position_5,33438.47,2015-11-22 07:09:49
17029bab-e191-4468-8b93-ef1a077470ea,Employee_424,Position_9,126383.91,2016-09-02 16:21:43
a71dda11-789c-4cd9-803f-bf9e832cbc7f,Employee_425,Position_8,115130.8,2018-11-10 00:06:35
9b3b0aaf-972d-4dad-bfb4-6af66f01544a,Employee_426,Position_8,96354.4,2022-06-18 16:52:30
204573b6-d548-4d7c-b0e1-d054ef57317e,Employee_427,Position_1,83427.5,2023-07-14 11:15:18
700e0a3d-278d-43d4-a8fd-899a34310b35,Employee_428,Position_5,117234.55,2015-12-28 00:28:42
4e2ad69e-a527-4b54-967e-870ad835e9b6,Employee_429,Position_2,116697.74,2018-09-09 21:48:08
5a1351fe-2bff-4918-868e-8ee5b9863918,Employee_430,Position_1,92955.91,2020-05-13 05:39:40
5c75a010-03b3-44c9-9d42-43cf4634d5c2,Employee_431,Position_2,148229.03,2019-05-11 19:16:39
3d2351f0-046d-4478-a00d-c03e0b6a6447,Employee_432,Position_4,57031.81,2021-06-08 07:09:22
49d7a9df-f2ba-4cb5-8171-1e4538e5670b,Employee_433,Position_2,60065.14,2017-08-25 06:50:43
f7c4ef6f-8e70-4bde-9947-34ac637b609d,Employee_434,Position_6,74496.47,2020-12-13 23:03:54
617ab644-d30b-4a1d-ad47-e9f9edf48574,Employee_435,Position_6,86279.16,2015-08-08 03:03:52
4e1126d0-327d-4ecc-8a06-edccbacdfc9d,Employee_436,Position_1,102371.74,2023-06-15 14:24:41
4bd654f9-6148-4e80-99be-7b758fb663d8,Employee_437,Position_8,72665.83,2020-08-20 17:49:06
c09b88de-4e63-46f5-a9bc-85f1732b10ba,Employee_438,Position_3,42143.77,2016-01-07 22:42:02
0954c8ef-bc75-4731-8441-186deed0a4a0,Employee_439,Position_2,30977.53,2015-07-01 10:56:55
25b71f6a-40ab-4269-a666-22ed8aa138fc,Employee_440,Position_7,108230.99,2015-08-06 19:43:57
db858b2a-4fcd-4398-b4af-faf2525bb2e4,Employee_441,Position_5,40703.69,2015-05-18 22:07:18
34ed54b3-be42-4f78-b6ae-3c5a88b71b0c,Employee_442,Position_1,113486.84,2022-12-12 23:46:49
63a94b27-8c38-4634-a5d7-28a79d6c90ea,Employee_443,Position_5,75336.1,2020-04-17 12:56:58
ff854747-4c55-45e1-980d-a6753e701483,Employee_444,Position_2,122761.98,2020-10-22 22:47:58
f5620310-20b4-428c-b3a6-15adbe344eb9,Employee_445,Position_7,34495.99,2019-08-13 00:53:25
a7a7445a-996f-4244-9589-38b3ac015b01,Employee_446,Position_6,106705.5,2015-02-09 20:20:02
6074e1cb-176d-4957-8b98-f70f0ea03221,Employee_447,Position_2,94535.74,2015-11-27 13:44:47
5eef1295-968d-46ba-b8e4-a2b6107d9b2f,Employee_448,Position_8,46473.31,2021-05-16 07:36:32
de3d8589-e847-4e44-804d-d250f35b4ef3,Employee_449,Position_8,38369.16,2022-07-14 04:54:16
1705cacf-db4f-417e-a6e4-577407114b64,Employee_450,Position_9,139624.68,2017-06-10 17:00:46
e20e3960-9460-460d-95eb-15d38c8be37c,Employee_451,Position_1,70200.55,2017-01-06 12:10:51
9ec82315-6110-4a31-b302-48945c1ee0e3,Employee_452,Position_7,61966.27,2020-06-15 08:49:08
b2f23d25-08a3-43fa-af28-8bf38ef96a75,Employee_453,Position_4,146044.68,2022-05-26 22:56:44
5df3986a-49b9-4c49-8af7-7cb7484e9a83,Employee_454,Position_4,103668.77,2015-02-20 21:35:34
5f274d36-07ce-4628-8fce-dc2420b8627e,Employee_455,Position_3,69909.67,2023-06-04 12:28:35
4de9991e-d082-436a-a45b-abee10807cb1,Employee_456,Position_6,93332.04,2019-09-23 16:46:44
5e995afb-a07a-42c7-a424-0578c6ae8541,Employee_457,Position_7,142586.19,2024-03-28 08:07:56
21d24a77-d47e-44d0-9a54-02410528c06a,Employee_458,Position_9,42837.76,2017-07-11 16:40:37
8e50b8be-9dea-4304-a39a-b5bf7b250881,Employee_459,Position_4,76885.11,2024-12-05 19:38:15
ff0b4a29-b694-451d-84ee-04837c461a8f,Employee_460,Position_7,69393.27,2016-09-24 21:45:41
3d7fe35c-93d4-4e8f-aeda-89bc05b46569,Employee_461,Position_4,86038.82,2021-11-27 22:10:35
f39943cc-aeaf-4213-be8e-3aa4dbc47875,Employee_462,Position_9,70186.49,2016-11-22 07:21:06
3b35e538-572e-48e3-9287-c3962fee1784,Employee_463,Position_3,30527.6,2021-10-07 10:12:34
c9c58446-9077-416d-b883-4f1cfdda3034,Employee_464,Position_3,31337.43,2019-02-26 18:44:39
d6342c33-e8a8-4382-8aaf-5703d24b70e9,Employee_465,Position_2,98891.04,2020-05-30 22:22:22
1cded0f2-7992-4b46-908d-f55f4bd58690,Employee_466,Position_5,117074.18,2021-11-28 22:46:14
79cd332b-913e-4d63-8c46-9f175d56f583,Employee_467,Position_9,33904.99,2020-08-12 12:04:53
36cb6429-d689-4cc2-823e-d6c452bad4fa,Employee_468,Position_5,43839.2,2015-05-18 03:10:02
8ac1c1f6-013b-4204-82bd-19226ff65316,Employee_469,Position_4,75767.65,2018-03-01 19:31:09
27fc3334-57ea-4e96-880e-b936426c47b8,Employee_470,Position_4,110681.08,2021-10-30 03:17:34
e4f29942-f176-4e4c-992f-fa2010fa3652,Employee_471,Position_5,108786.32,2020-10-17 08:08:32
479aae48-8394-46d9-9b2c-e9fa5414d833,Employee_472,Position_3,106691.1,2017-10-01 05:06:50
931ac2f1-96ff-4374-ad8b-29abdf3cab00,Employee_473,Position_5,38405.36,2024-10-16 02:54:51
086148ea-5736-41ad-99cc-63b729ffad20,Employee_474,Position_8,32277.42,2016-04-25 05:04:06
1589a1fb-cf2b-451b-981e-223d5ea5b96b,Employee_475,Position_7,69905.2,2021-09-17 00:26:45
5db92d44-b6c7-4d3c-a69a-e88ef83c3311,Employee_476,Position_9,126814.5,2018-07-11 20:57:53
6405e86e-d5d4-49e1-8a6f-9f010b98f5a5,Employee_477,Position_9,52002.74,2021-10-26 19:39:37
d8237cd0-94f3-4c0c-bd9e-415ecb1f0fa3,Employee_478,Position_9,47562.12,2017-05-12 23:12:54
0002d7b6-962e-4c2d-946d-d594f4610a84,Employee_479,Position_8,126125.74,2022-06-12 18:35:14
4c3856a8-3ca8-4ea4-b1fb-ce0812898176,Employee_480,Position_9,81198.62,2020-09-27 18:31:48
22b2fe98-c8a7-4c1c-8bea-3450e4884df9,Employee_481,Position_3,123135.84,2022-01-02 01:24:22
99bd6b00-14c2-48af-82f1-bd9316f22338,Employee_482,Position_7,149704.68,2018-05-04 10:39:38
f486f7c3-1579-4532-89ce-c4cd46800350,Employee_483,Position_6,57460.9,2016-06-03 04:54:25
2c9e0364-5afd-4c23-801f-f32b784009ad,Employee_484,Position_9,43269.52,2017-09-02 21:40:35
63077fb2-de8b-4557-b749-1683f99a48c3,Employee_485,Position_2,131949.38,2019-10-12 23:18:20
25f89aaf-d3ca-4fb4-93a3-9cfd1e5a747a,Employee_486,Position_7,134217.75,2015-08-13 11:45:45
165aa9f6-81e4-4b5d-9306-ddd39666d1d9,Employee_487,Position_6,87349.39,2017-12-13 23:31:53
c7ae8909-69e1-4f22-8be7-f86803f52979,Employee_488,Position_2,51486.8,2017-09-13 00:48:33
3ca53edd-f7f5-449d-8a20-dcc897262ee3,Employee_489,Position_4,58803.25,2018-06-14 03:32:53
472d0ea4-b9e3-43d1-b424-19ba4d40f899,Employee_490,Position_8,133072.01,2018-04-17 22:53:57
ec7b2d67-7d51-44a3-b4fb-e60190b02580,Employee_491,Position_2,77856.44,2022-01-17 12:54:01
c4e7b229-3e8c-4812-94a4-4705d3a87ac1,Employee_492,Position_6,84494.05,2020-11-23 19:11:32
62e65de4-3c6a-45fa-9ceb-c71cc462ec96,Employee_493,Position_4,37630.13,2023-02-11 17:26:47
ecb7e21f-9059-4860-ab79-84692105129c,Employee_494,Position_1,116191.49,2022-08-18 09:34:37
e16afadd-ccc4-4a89-a2b0-e770d0ad75f4,Employee_495,Position_5,54044.81,2023-08-29 09:35:34
43429249-a43d-4cb6-b6cd-884dec71f952,Employee_496,Position_9,99666.82,2020-10-17 16:48:10
a0c8c3fe-070d-48df-bbaa-1d87003cf575,Employee_497,Position_4,36719.13,2019-03-09 13:52:02
6f828876-6a6b-4454-9c89-b0b24cb1ca8c,Employee_498,Position_1,41772.68,2019-11-04 18:14:54
aa06dc7e-2544-4303-8dae-0933cb68fe7f,Employee_499,Position_1,98570.92,2017-04-12 08:46:00
b75e1cd3-3b16-4fc2-8a87-f3ce9929962f,Employee_500,Position_5,108389.43,2023-07-16 09:39:58
bf20bcd4-08b3-41b8-a47b-12e7b9f1ef32,Employee_501,Position_9,44986.94,2018-11-15 23:35:45
6a9f5fed-d594-4a94-945f-bbdd88735429,Employee_502,Position_5,110684.04,2015-08-21 19:27:26
2684dccc-13e4-4eba-b953-117676243dee,Employee_503,Position_7,48444.72,2023-02-08 04:04:26
26962463-4470-45c4-9da7-226ee88ba563,Employee_504,Position_9,117389.37,2024-06-10 17:01:00
5c995dca-4dd5-4706-ba77-4ed47e5cba39,Employee_505,Position_8,94134.35,2019-09-25 14:57:54
9f6f2b15-18db-4a92-9ef9-b422f98014b9,Employee_506,Position_6,32245.97,2019-04-18 11:34:30
d43b37e8-97f3-4dca-b720-d24beab03405,Employee_507,Position_4,57538.84,2020-12-18 11:42:44
e9336895-843f-4857-9a1e-86afbdd1417e,Employee_508,Position_8,35644.46,2020-07-08 01:38:00
7dd4fa51-b324-4238-808c-4862ba93b3f7,Employee_509,Position_5,144364.07,2018-10-22 16:04:40
4a4307df-67e9-4403-9ff9-18b8d7b59221,Employee_510,Position_9,129880.91,2015-05-19 10:55:18
ff46715d-b99b-4eae-8f82-caa8a77b7075,Employee_511,Position_2,89633.81,2023-11-30 14:22:53
7bbbd969-e774-4315-a66a-7f800ffc4dd8,Employee_512,Position_9,36664.62,2024-01-01 20:22:54
d7df175a-6392-497e-b7b1-d511d25b9804,Employee_513,Position_8,42968.18,2018-05-09 03:24:12
17b696b4-15dd-4c08-bb86-27d1ce3348d5,Employee_514,Position_8,95998.41,2018-12-03 03:24:38
3ae07558-031a-4db7-a956-40be36c56ade,Employee_515,Position_9,125234.33,2015-07-06 00:33:21
c366bed9-db89-4176-a9ff-3e41f28d4d54,Employee_516,Position_2,38192.17,2022-03-05 23:24:17
64dbe7b3-676d-4c7c-8da7-5eb3910e2f2d,Employee_517,Position_4,74252.82,2020-06-01 20:49:45
4e643280-e28a-44ff-abdf-5c665a06bbd7,Employee_518,Position_5,143179.37,2023-11-07 06:12:58
203e6006-3c55-447c-8e1b-7f4c49c87893,Employee_519,Position_8,36184.19,2021-04-27 17:04:19
77949c78-9963-4b59-ab88-527e94394b3e,Employee_520,Position_9,137536.09,2017-07-21 16:58:21
647bd79e-2a60-4b71-8439-bfff716d70fc,Employee_521,Position_6,48546.15,2021-05-12 13:08:49
fa562600-da66-4a6a-bb51-947c07662049,Employee_522,Position_3,67683.61,2019-05-05 08:55:11
f02d1182-aa69-4367-aca4-0458634f86ca,Employee_523,Position_1,84218.67,2023-01-09 21:51:37
a4525a63-3e8e-440b-ab2f-3362b4d60db5,Employee_524,Position_3,84766.82,2020-09-27 02:17:37
a32ced85-e856-4ffa-a9da-4cccc7c81b77,Employee_525,Position_1,123278.3,2018-10-16 18:41:19
cdb41f56-d96b-4b5f-bdcd-d82b25f034bd,Employee_526,Position_4,148970.15,2018-06-29 17:57:19
5dba3e1e-63f8-4e6d-ac4f-79eaf13be008,Employee_527,Position_4,104141.38,2023-07-02 14:07:02
e509951c-4f6b-4e81-b576-6371fac86eb3,Employee_528,Position_8,91362.68,2019-05-30 18:48:48
3434a398-1431-4c12-8737-ecab099b363a,Employee_529,Position_6,31162.43,2022-12-19 13:27:50
9b819870-27b3-41d1-b57a-d6cc9a33beb1,Employee_530,Position_7,133740.56,2015-06-11 02:48:03
3b3a2fc3-0a19-4034-8869-7abe6a5c61f8,Employee_531,Position_2,131429.13,2024-07-22 16:40:38
0b6b9694-33ee-4da9-a0f8-9369843a6e57,Employee_532,Position_6,64844.4,2023-11-17 20:21:52
055e43ae-e9a0-42cc-96d9-81c29fa817b2,Employee_533,Position_5,90701.65,2022-03-21 18:37:11
f8cd0cbb-4ff6-45e9-91dd-0faf52d042d1,Employee_534,Position_3,83199.3,2024-03-24 13:54:21
762feb93-1521-47bf-aa5e-b41e3e4c1e48,Employee_535,Position_7,101373.56,2023-12-31 04:21:21
69135c83-4c55-48b4-90e7-211266aaecd2,Employee_536,Position_3,143042.29,2021-04-11 03:20:13
eda3c376-5302-4f3b-8952-d1500e5560fc,Employee_537,Position_5,147401.67,2023-11-13 21:29:02
a708c34c-5de3-4b95-b125-6c902d313f9e,Employee_538,Position_9,105864.21,2023-10-07 00:46:18
9efff077-b933-4cc8-ab72-2252cd01df87,Employee_539,Position_3,68461.35,2022-03-15 01:28:10
592ba2d2-2b0b-4365-b55f-d7ed441074bd,Employee_540,Position_1,127272.82,2019-03-30 19:01:49
e6c4b1dc-a54a-45d1-a6ef-d7731789a572,Employee_541,Position_4,120790.64,2022-04-09 11:54:11
a47e6aba-1312-45da-9c1f-4536b8dda3a4,Employee_542,Position_4,37341.8,2021-02-21 20:30:00
d5ae0573-a76f-41b8-a8ae-5c09d1a6a250,Employee_543,Position_4,125786.02,2022-04-30 09:15:32
6b976c0c-5d47-4f2e-8616-77d6c76aae70,Employee_544,Position_3,128368.16,2015-06-11 03:33:34
d8ab5a11-7a85-4532-b6d4-b7cc84401f9e,Employee_545,Position_1,136428.16,2015-11-14 03:21:57
6e74c5d5-ae34-4f24-a643-0c2036a077c9,Employee_546,Position_6,110480.02,2020-08-18 05:30:05
d72f27ad-d471-4b3d-b71a-06fad54dd146,Employee_547,Position_6,130146.8,2017-03-23 23:11:12
45de5523-80af-454b-a42b-6f663f310b47,Employee_548,Position_9,76503.99,2018-06-27 06:03:05
b7cddc80-09cf-4237-8704-5af4946ac33d,Employee_549,Position_6,109266.68,2019-08-12 16:07:31
8870a6ad-ac0a-4d4d-9533-6bb390bf9f76,Employee_550,Position_1,140665.09,2019-09-22 02:01:30
457fae17-487c-439a-97b9-0c3efd97a3e6,Employee_551,Position_1,111322.16,2015-06-04 06:50:26
68588aa9-4030-441b-89f6-7ac57f5e6c54,Employee_552,Position_9,84573.67,2022-07-23 16:43:07
b838d10f-ef4f-4746-a337-0acb5b156b9c,Employee_553,Position_8,143164.4,2017-10-11 18:13:54
26db5eed-77b7-4928-bb47-8a83f784d484,Employee_554,Position_7,32473.12,2019-05-24 15:59:09
6313403b-51ef-4fdc-ab3f-e6cb0625c528,Employee_555,Position_3,85907.93,2016-10-03 05:38:26
caa1019a-7b70-4dfe-8099-8752e9ea1236,Employee_556,Position_2,99299.85,2022-06-11 19:08:38
7e0acd9b-73b6-431d-83b5-eb1c60f44cdb,Employee_557,Position_8,95214.99,2018-01-10 08:24:13
cd9cce82-8d44-43aa-8864-80e4b90ff828,Employee_558,Position_2,80479.0,2016-11-20 23:54:44
df0957c4-62b2-43f2-9b55-20dd0975c1d8,Employee_559,Position_2,105831.47,2024-05-16 19:27:10
4d1bb4f7-08fe-496c-b636-d56bb2554664,Employee_560,Position_2,36758.01,2021-07-10 17:29:48
fa0895dd-ff98-48ba-9671-ea200e2acedf,Employee_561,Position_8,67733.99,2023-08-02 20:24:26
c76874f0-e677-462f-ae51-e913d132aa04,Employee_562,Position_4,68797.24,2015-07-17 06:03:55
5c270704-ef23-4a36-9daf-02afcfc319b4,Employee_563,Position_9,135889.88,2021-10-29 13:09:07
a8eb21c9-3ec4-4301-8360-0a13a69e2f0a,Employee_564,Position_9,137562.23,2022-12-17 22:35:14
7028f719-b70e-497a-862a-37763275180b,Employee_565,Position_7,123544.36,2015-06-29 00:51:04
468946a0-0997-4252-a9b1-392f7ed70902,Employee_566,Position_7,125404.03,2024-06-06 03:40:28
f788fade-8489-40ab-94b3-f73b186a4c17,Employee_567,Position_8,61651.81,2023-04-06 22:16:18
f6e98385-be9f-4616-beda-374df881c8ce,Employee_568,Position_9,127341.9,2023-11-02 07:19:21
3a1b47ad-20db-42b7-af8e-7724cb6ba3f2,Employee_569,Position_5,83486.38,2015-06-23 23:43:40
421ff467-636a-4cb4-a6c6-d3dbf969a224,Employee_570,Position_7,57744.83,2017-07-11 14:08:34
fa7da4fd-f945-431a-a59f-02ae1de16ce1,Employee_571,Position_5,147398.68,2021-11-03 14:19:40
4ae87cb7-1392-45eb-9ab4-bc3dff73587a,Employee_572,Position_7,37983.75,2023-09-04 04:55:55
64dc44f9-b0c8-4edc-ac2b-c231553c5998,Employee_573,Position_1,129065.06,2020-12-19 13:09:39
86f4b714-0819-482b-948c-a71918abc3ff,Employee_574,Position_9,87759.86,2021-03-14 20:18:30
c4e59302-2d1b-4e1a-8b75-8ca2b63ec161,Employee_575,Position_8,102150.83,2017-04-24 07:21:08
3f400258-ea9a-4383-8070-d00c049c608f,Employee_576,Position_4,97144.02,2022-05-22 10:09:03
c1b87232-cbed-400f-918c-72e5302f11bc,Employee_577,Position_3,89541.32,2018-07-06 23:29:25
ac5f0e33-705d-4b5f-8c02-ba8f89a732d0,Employee_578,Position_8,108553.65,2020-01-06 14:36:26
707b027b-1418-498c-89d6-62a9142b7863,Employee_579,Position_1,90876.43,2021-09-14 15:24:47
d16f37a5-68fa-48cb-aeb3-a293494ae211,Employee_580,Position_1,40895.82,2015-11-16 18:25:57
a4060c0e-775e-4e6d-8a4b-6a2158e4114f,Employee_581,Position_7,100175.14,2015-07-23 09:56:40
d8a5a532-02bd-4323-a841-828bf83ffebc,Employee_582,Position_6,143421.22,2017-04-11 22:38:00
d7389ad0-deb0-47bf-8cda-6c7c895f068c,Employee_583,Position_2,38521.94,2024-04-13 11:37:16
e786ce4d-4f0c-4046-a6e6-ee8257b78206,Employee_584,Position_3,132473.65,2023-05-28 23:43:38
c352ee01-2407-4b83-8988-3a0ee778857f,Employee_585,Position_1,48621.51,2021-12-12 06:31:48
c2336c34-8214-42e3-af4a-955ad7edc10a,Employee_586,Position_4,81990.35,2015-12-06 02:46:56
cc68e21d-ebd2-4a7b-86c0-01827060294f,Employee_587,Position_4,78249.6,2024-12-21 15:36:58
19465d05-9b9a-4dcb-9207-9b427d8c07ba,Employee_588,Position_3,93633.67,2024-10-04 16:40:37
1d80a17e-b596-4035-82a5-8418b17d847f,Employee_589,Position_9,145927.44,2015-06-29 02:14:26
79a68463-f9f9-4e65-b8e2-3e900a254677,Employee_590,Position_4,139730.67,2016-07-20 19:30:07
d203ad2e-aeed-4db9-b9b8-66e3403e7637,Employee_591,Position_5,128553.99,2015-06-30 03:19:00
f7b9e012-3eab-4053-85f3-7964b328723b,Employee_592,Position_6,107189.96,2020-07-19 04:48:07
7cd2c605-6826-4513-805c-2dae66d98861,Employee_593,Position_2,39297.02,2022-09-15 21:08:29
8ce2cf00-575f-4e24-bd95-d284b09a4c5a,Employee_594,Position_8,136856.28,2024-06-05 19:27:24
0b6c0832-c111-4aac-977a-47385c0066a7,Employee_595,Position_2,38664.28,2015-08-28 11:17:15
32b2bbf9-121c-42b0-84e3-9e96b2fd37be,Employee_596,Position_9,60194.13,2024-04-23 16:22:48
9968057c-aba2-4406-a0e7-6195044749a4,Employee_597,Position_1,69524.87,2018-08-25 00:22:57
8cb8e878-0801-4a34-b885-2fea59796402,Employee_598,Position_7,146875.58,2020-04-25 22:06:02
4758d857-a452-4b7d-9a3f-2d03f1066771,Employee_599,Position_2,99061.89,2020-05-25 14:33:09
8a50a8e4-b606-41ff-ac72-f909b6dfeab9,Employee_600,Position_2,45777.18,2022-02-25 10:07:07
f53408cb-8944-4fec-a91b-352faecf0615,Employee_601,Position_2,75216.87,2021-08-06 07:17:19
7e72cc89-7b53-407a-9503-fe18ae726c62,Employee_602,Position_3,31175.92,2023-09-01 05:33:25
9ab1af5d-e362-4208-9449-9e0fb8080660,Employee_603,Position_2,33969.7,2022-11-15 07:40:33
98842d52-0c49-4e2b-85d8-aeb18a116dd2,Employee_604,Position_6,68693.91,2019-12-18 04:13:48
f71bcb3e-29e0-4b33-9e0b-ea3f73b81385,Employee_605,Position_5,35580.6,2023-07-16 00:33:07
8f0be2ee-95ef-462e-ba04-f07d9ef8cedc,Employee_606,Position_7,70848.04,2017-04-03 23:07:13
d7e512a8-b674-44f5-bc59-145e301a48e3,Employee_607,Position_6,120457.87,2015-08-09 02:13:03
00418edd-24ed-4e30-a6b3-c7c01284129f,Employee_608,Position_4,53198.59,2023-07-12 14:54:50
59eed8aa-59df-4f11-bcde-0832e12bbe2c,Employee_609,Position_3,33417.58,2019-02-20 08:54:19
131d05ec-9ff9-4d73-b323-4537077a6f1a,Employee_610,Position_5,124243.86,2017-09-27 11:33:17
c3e56734-1a4e-4d69-b6ea-9f08f35252de,Employee_611,Position_6,125492.2,2022-05-06 08:13:22
483026f2-b01f-4f41-ac02-05dbfe5a746b,Employee_612,Position_8,117695.24,2020-04-10 14:48:59
793ceb14-04fc-413a-ba16-384e3be77a1e,Employee_613,Position_5,120406.06,2015-01-15 01:46:36
7c1192eb-d362-4359-a465-57d6d9119147,Employee_614,Position_9,116469.41,2024-06-01 05:35:51
6affd950-abac-49bb-b351-7087dcfcd248,Employee_615,Position_1,141573.95,2024-09-09 05:05:42
90afb1bd-d5bb-4b06-ac33-87eb98a592f1,Employee_616,Position_9,70241.65,2019-07-18 08:33:09
1f49026b-dd4b-4910-8285-7baf6bc73671,Employee_617,Position_7,59457.19,2016-07-13 12:41:11
d78c4ef1-33c8-4eb6-9a95-a4eac79da935,Employee_618,Position_6,89947.93,2021-06-19 14:15:10
5628c976-28de-42d1-81ef-3d08fdf74acc,Employee_619,Position_1,113666.98,2021-09-19 03:18:56
7e7de217-6e97-42eb-82e5-26b6364a3b00,Employee_620,Position_9,54569.42,2021-02-26 19:20:43
3a77d654-7295-49b5-8b13-677a289fadda,Employee_621,Position_4,89493.53,2023-12-19 17:35:59
3fee3e2d-7340-455d-924a-2baa0e328f4c,Employee_622,Position_5,66924.38,2022-07-15 04:52:58
2aebb704-07ab-4768-9f0a-c26025971332,Employee_623,Position_7,133585.8,2016-07-26 14:27:30
f8cd15d9-c917-4d68-82f6-f864056c3d04,Employee_624,Position_8,121634.88,2017-07-27 03:09:03
405045ed-41f8-4be8-8229-b6a5b0dbf850,Employee_625,Position_3,35471.23,2015-06-01 15:00:34
0c395ad9-6fe6-4056-a5b5-e42fd5387996,Employee_626,Position_2,73982.42,2018-08-20 17:25:52
d7bb2261-c08a-4056-aba8-e42f39871788,Employee_627,Position_5,35587.14,2019-06-30 10:14:30
4f0b095c-45c5-44c1-b6e5-cc73a26a75c7,Employee_628,Position_3,109009.1,2017-09-29 07:31:14
d818b155-8476-4afd-8633-8ade23ce565d,Employee_629,Position_1,133709.87,2021-01-21 08:37:23
2b611e47-dd71-4ba0-93aa-37e5572654de,Employee_630,Position_8,49752.42,2021-10-12 05:41:52
06d52630-57c1-416f-bd52-92b78bff0ea7,Employee_631,Position_5,116022.7,2022-11-03 16:18:45
41c0a5b9-7730-43c8-89c7-6f2a7c58c8f6,Employee_632,Position_8,81520.6,2024-12-13 04:13:25
2db2585e-f07c-4846-91a8-4c706dbb079d,Employee_633,Position_3,55451.08,2021-06-21 17:03:49
b273aa09-289b-4391-abe5-e05c95652566,Employee_634,Position_4,85302.74,2021-11-29 01:39:01
f8856dd3-f867-4247-8ceb-ed481b263bb4,Employee_635,Position_5,30408.06,2023-09-12 09:08:35
aa7cc607-97f6-43ae-a326-da7a9271ee53,Employee_636,Position_1,141091.32,2016-09-04 02:49:55
525cb4a2-e0a9-46a9-95c0-fb24b52ad190,Employee_637,Position_1,58999.13,2017-10-27 05:16:05
b7dfab16-4b0b-4377-8a9c-d1e01155df46,Employee_638,Position_1,127192.57,2018-07-04 21:43:37
01410f37-5faf-481e-a4a4-bc50a969ffed,Employee_639,Position_6,43851.37,2016-08-11 04:37:20
5e6dc672-7c6b-4abe-a478-8dbe5081a7a7,Employee_640,Position_2,61649.29,2017-05-29 20:44:57
b7c2fbb3-46ec-4ca3-822c-9df096304855,Employee_641,Position_7,101142.15,2015-10-14 21:06:30
f4258626-f4ca-4a78-a1f1-2fc8ddcdd2a9,Employee_642,Position_2,53359.9,2017-03-29 04:29:09
655f06d5-98d7-45a7-a684-5f47c7d9a44f,Employee_643,Position_5,74286.12,2019-07-29 16:18:19
ba52300c-d870-4d92-8c86-12b8cbc60f42,Employee_644,Position_6,64721.43,2024-12-24 10:20:45
e87bc1bf-37f7-447a-a3af-1497c9ada1ee,Employee_645,Position_2,108401.7,2021-12-19 16:47:39
0ae4031e-ff73-4937-a758-c2946fa7059e,Employee_646,Position_7,128106.17,2016-10-19 15:58:10
35191970-cf3a-49b8-b07a-d541b638a157,Employee_647,Position_8,145641.96,2021-11-07 19:36:36
e4328a49-edcd-4355-bdde-c14d6ba293f7,Employee_648,Position_3,130248.59,2020-02-08 15:14:32
158593c7-0763-45b3-b34d-1837389acc1d,Employee_649,Position_7,113670.49,2020-09-01 06:00:34
b12418f0-685b-4db7-b766-f303739458e1,Employee_650,Position_2,41846.99,2019-06-30 05:58:23
33908db0-d198-4529-9823-86388aee5800,Employee_651,Position_8,54969.15,2020-09-28 15:30:35
adf55ea9-458c-44d1-adcd-f0213f9ddfee,Employee_652,Position_5,46651.96,2022-06-01 19:16:29
616f0f3c-77db-4422-baf1-0408a968f3a5,Employee_653,Position_9,125102.28,2023-07-03 04:07:04
59998cf1-89f4-4fad-80e3-01d322d11f50,Employee_654,Position_5,86485.76,2016-09-22 07:32:27
a35cef5e-7908-4ab8-aa20-efe14552bce5,Employee_655,Position_6,132836.15,2018-01-26 18:41:03
f1f864fe-2db3-4984-8a1a-468cb4a5785c,Employee_656,Position_4,95749.59,2024-06-12 12:25:14
0a3ca2cc-4585-49e5-9dab-c2637e36fb9c,Employee_657,Position_5,122444.66,2022-03-19 02:04:39
88ceeb83-f6d3-4569-83d7-c0b33c0f67c5,Employee_658,Position_7,58049.68,2016-11-03 22:43:43
a5edaf3f-669a-4f48-b624-4dc55884a5d5,Employee_659,Position_6,115781.13,2023-08-11 03:13:11
7e0aa8e0-faa1-48e5-b8b6-3b1138324df6,Employee_660,Position_5,46306.87,2015-05-22 01:01:21
18ddc890-82ac-460e-b270-121d6f3f9fa0,Employee_661,Position_3,114216.2,2022-06-14 21:42:23
01dbb1c2-e5fb-48af-924b-289a5b00a4e7,Employee_662,Position_7,137089.89,2022-08-30 05:10:04
5ab038d3-c540-462a-b24b-1bb96d0036ac,Employee_663,Position_2,44737.66,2020-10-15 23:39:31
b3589e01-6659-4765-86ba-428e7731b486,Employee_664,Position_4,146905.2,2015-08-11 18:37:05
1a451aa5-da0f-46c3-ae8a-57d8524e82a0,Employee_665,Position_4,65410.16,2022-03-23 23:46:19
1f25e64b-2aca-4180-8192-72314f85613c,Employee_666,Position_6,96675.77,2016-04-01 22:14:52
99248d25-f732-4507-aa42-9109e20a9946,Employee_667,Position_2,70421.48,2018-10-21 02:42:44
9b4a4f7c-61a4-4925-abe6-abcfb274a1af,Employee_668,Position_5,106321.18,2015-05-06 07:07:03
3c2fc124-e998-4c76-a2f8-8c28860697be,Employee_669,Position_8,143935.53,2015-03-26 11:02:23
2a9c87a0-6b2f-4f49-9c98-02812d740041,Employee_670,Position_9,32535.51,2015-09-14 09:49:24
5ce8e9c0-e11c-4018-a5c8-68c391c2e7aa,Employee_671,Position_7,48113.1,2022-04-25 13:33:50
de268bc8-10ce-4588-8ff0-8f26b5a70c29,Employee_672,Position_7,115325.98,2017-04-27 09:09:30
5f7523d7-8711-4dbf-8718-93f3a8bcdc2b,Employee_673,Position_4,91753.71,2022-12-26 09:41:59
83d341a6-e849-4fe1-9a44-6a7f67b356ed,Employee_674,Position_9,37345.56,2015-01-02 11:53:14
797522d7-e4e7-4808-b724-994c313b2bb7,Employee_675,Position_1,134132.15,2020-10-23 06:16:31
beb8d75b-7da8-4c2e-977e-d5ea0bbc486f,Employee_676,Position_3,149832.14,2015-10-06 22:03:19
a6d9b1bd-ceb3-4040-bd7c-e749dadb60bf,Employee_677,Position_6,124159.66,2016-07-01 05:16:09
3ed957ca-82a6-4435-b2f4-b98c6edb402d,Employee_678,Position_8,131357.09,2023-09-03 04:48:02
1bd5cd57-502b-4127-b15b-a5f2981dade6,Employee_679,Position_3,50910.6,2019-10-08 11:46:07
1605f976-aa40-401a-9af4-be27c29ab501,Employee_680,Position_8,64504.75,2017-09-06 23:14:44
5863a404-a784-40de-8729-e7c12fd6eb47,Employee_681,Position_6,81738.89,2021-10-29 07:23:31
b5857b96-9115-4248-8f74-d06badb4082b,Employee_682,Position_7,137927.02,2021-10-19 23:32:09
79539070-a301-44a7-98c0-896c52cd0d77,Employee_683,Position_4,66024.29,2023-10-10 15:31:48
5c586408-59e1-4071-afee-a5eaacb9636b,Employee_684,Position_5,91603.05,2015-11-28 15:24:34
e08697e7-6ee8-4947-a84c-5f55535316f6,Employee_685,Position_2,82229.92,2023-07-29 08:11:32
124c89c0-ef42-44ea-bee2-b2373df30581,Employee_686,Position_2,50327.88,2018-01-17 14:01:36
ebb625b9-0c2a-46f2-b420-ed7e55947abd,Employee_687,Position_1,37676.81,2023-01-21 02:49:13
225c3e25-ea9c-423e-bb60-f565f1e443a5,Employee_688,Position_8,144182.76,2017-12-23 06:23:26
b19c1d4b-cfa6-4e40-a7fe-c24c1cb0dcbf,Employee_689,Position_4,88927.03,2018-04-09 05:57:51
57f10a49-a0ad-46ca-9fad-fd26490846c4,Employee_690,Position_6,136003.52,2016-07-02 14:31:34
dbb77c04-d290-4f16-8a6c-66924f2a99c8,Employee_691,Position_7,85800.07,2023-01-09 01:08:44
68dbedba-afeb-43d3-9820-bd2667dc0e64,Employee_692,Position_4,57275.64,2016-04-29 01:54:19
b2dd4858-dc74-4397-93d0-42667d07d2bf,Employee_693,Position_4,145870.33,2018-12-07 23:42:00
f965a12f-b207-4131-9fe3-0fe8697961c8,Employee_694,Position_9,103148.24,2021-01-12 05:34:20
156d24e1-8fd0-491b-a640-4148c85af695,Employee_695,Position_4,39568.72,2017-12-14 05:23:55
07081f75-5e5a-4ac4-b30a-9ad92f66370a,Employee_696,Position_8,101198.82,2024-12-21 03:35:25
9307da5d-4b75-4b9d-86b9-4fb2eaa4f79a,Employee_697,Position_9,111083.55,2022-01-08 23:26:53
43b4474c-37e3-472d-bcc7-74f2cda12f3d,Employee_698,Position_9,41761.93,2018-08-19 13:56:43
631bd683-0811-42b1-abe3-94968f85651f,Employee_699,Position_6,129923.13,2023-04-01 13:55:38
ab5ce4b7-cce2-4dbd-b68e-9a8e9c8cbdd0,Employee_700,Position_3,34331.03,2018-09-12 06:27:48
6ce4fd64-9398-46c6-bf5f-5c175de4de0c,Employee_701,Position_1,44508.12,2019-04-30 19:51:16
2dd23c7d-5786-4acf-b5f5-72b5c5794ca5,Employee_702,Position_9,76217.39,2023-02-17 06:37:34
3cd471f7-64f9-4ad5-95e1-11855867629b,Employee_703,Position_1,50292.6,2022-05-13 14:17:53
dc650dc8-ca61-4316-81ea-95eb64388d61,Employee_704,Position_1,33537.8,2015-04-13 20:07:28
67f231d0-4461-4130-8327-5b2405d0a6a7,Employee_705,Position_7,55296.15,2016-06-15 12:35:20
701da3ad-bc80-4062-8e2e-30a97554b710,Employee_706,Position_1,61052.74,2023-10-18 22:29:23
5efaad6d-1bea-47b9-8a50-0d8d70b6a427,Employee_707,Position_9,120724.74,2021-05-30 09:25:51
4a79d179-3962-464d-91e1-1286c316b0b4,Employee_708,Position_1,89203.88,2022-01-04 08:56:56
8107fc4b-ef01-4c64-b87f-a18eea9b4043,Employee_709,Position_1,36939.63,2023-09-21 19:29:54
3fb08376-4c28-4760-ba81-85637d2da2e3,Employee_710,Position_9,105807.28,2023-02-04 11:26:14
e84cbf58-361b-4406-be67-a058afd96c28,Employee_711,Position_8,76191.44,2015-08-28 13:35:15
79715fcf-710e-43ea-8f43-58308e7442dd,Employee_712,Position_8,47003.35,2023-06-24 12:15:21
08d84ec3-6ccc-4c88-8bdf-ed71e21b2c7d,Employee_713,Position_6,51445.8,2015-04-14 17:14:00
ebe4743f-7324-4020-a64c-3428c0580331,Employee_714,Position_6,50864.09,2021-10-30 14:29:37
c0624fbf-85df-4158-8dfd-af63ede8a5e7,Employee_715,Position_3,93041.81,2021-06-30 06:39:50
2b0d83eb-8de7-4921-849e-7d8ddca0be0c,Employee_716,Position_6,126828.55,2022-07-23 20:56:33
02bd1a0b-c96f-436d-b85e-1ff786f3ad7d,Employee_717,Position_8,65477.69,2024-04-23 10:53:55
09fc1063-33b8-429e-9364-e1d9dddbb563,Employee_718,Position_9,132677.42,2023-01-03 01:16:02
40b64ca1-300f-42ef-982a-aa0ab657dcdf,Employee_719,Position_3,33874.61,2015-08-29 01:56:06
0043197c-f24a-48f1-b799-133d22dc97e5,Employee_720,Position_9,42138.74,2017-02-05 11:50:04
369892de-f723-4076-b344-23a8e5c40a71,Employee_721,Position_5,55863.93,2020-10-01 18:26:10
31bb10dd-cd21-4914-8196-b9db3f0e53e5,Employee_722,Position_1,88887.69,2024-01-07 12:00:16
a115b9ba-e4e8-4a83-a6a7-02ffe5136c1f,Employee_723,Position_9,56604.6,2020-03-09 02:54:08
807e9840-7b00-4721-82fd-15036e7b43eb,Employee_724,Position_5,89468.95,2017-12-24 02:22:27
b774c0a9-fe55-454c-9050-76a26f48a8e5,Employee_725,Position_2,48796.79,2017-04-07 23:10:20
cd69041f-da24-4017-b166-83238e5c4613,Employee_726,Position_9,147748.27,2020-04-27 08:26:23
d8b1fa61-75f5-4509-9f54-cd3ab5f07859,Employee_727,Position_8,35261.96,2018-02-25 01:06:10
5ff66edc-5749-45cd-a6fe-f228b25d23e1,Employee_728,Position_4,91291.58,2018-02-25 00:24:34
b8b38b8f-ff9e-4185-b830-93041927a541,Employee_729,Position_6,31954.09,2023-05-10 21:14:53
5f88a53d-47af-4891-91d3-cf936c38f517,Employee_730,Position_2,110039.79,2018-03-23 20:03:24
3aa65d10-70b4-487a-b2dd-2e784b6994c1,Employee_731,Position_5,92737.5,2020-08-18 22:58:43
7f97bff9-ce60-484c-bfba-6100602a8452,Employee_732,Position_4,72911.69,2022-10-18 02:14:28
80a886c3-1680-4499-bbce-6efaa4d0855e,Employee_733,Position_3,33880.02,2017-03-27 06:20:31
b0364bb9-32db-4f37-9901-86a18f34143f,Employee_734,Position_8,64678.14,2015-12-28 14:08:15
3c43c156-e8fa-4d85-96df-9cac7c3b6127,Employee_735,Position_6,104468.78,2020-04-13 13:18:11
0ada6444-f219-4ecf-a36a-4793aa400f26,Employee_736,Position_1,105884.6,2022-08-12 10:09:54
fe64f155-281d-4074-a53c-c84f719c7aa0,Employee_737,Position_9,98777.29,2015-08-30 13:55:54
f966444b-f182-41d2-93cb-4607f3176495,Employee_738,Position_6,95243.13,2016-11-21 03:55:25
bfdf74be-df68-45a3-a2a5-04b973b0f5f1,Employee_739,Position_1,88445.0,2015-05-10 16:12:30
f603685e-bb2a-4764-9822-14136350bbd6,Employee_740,Position_7,49363.18,2024-08-25 03:00:53
c0bf76d2-2051-45d1-8027-0060f54a2ce9,Employee_741,Position_1,88149.72,2016-12-19 18:12:29
fc63408e-a3f0-4ab3-b05b-0240d5911ed1,Employee_742,Position_5,113822.91,2024-06-03 03:43:56
81528992-df52-4f96-b176-353049a6b168,Employee_743,Position_2,90082.55,2016-04-16 03:27:52
c3519d89-9ab9-4d37-91e5-2b1b285d374e,Employee_744,Position_7,52920.83,2015-07-03 06:54:35
11d07352-d0f9-47f8-9223-c86bb2fc361c,Employee_745,Position_2,124562.97,2016-08-06 04:40:28
3218d596-ebf1-4e26-b249-a571475310f5,Employee_746,Position_3,80322.84,2021-11-05 09:08:36
62a06970-dada-42f4-84ed-7e2ca43c046b,Employee_747,Position_9,139857.63,2016-10-21 08:29:18
9f2f4695-1e7a-49bd-bc3f-f276305e492f,Employee_748,Position_4,74686.48,2017-07-29 18:32:35
aab0405c-58f5-404f-a183-b5b42273ad5b,Employee_749,Position_9,123894.25,2016-05-30 22:43:23
e7c6caae-0397-44b3-9676-91ab3f3acbe6,Employee_750,Position_2,139962.45,2015-09-26 08:30:17
d8964d72-c1ce-4435-ad91-f333669d2bf8,Employee_751,Position_8,45580.43,2015-10-25 16:21:15
7b9a0fa6-06aa-4026-b730-9cd4e79719c6,Employee_752,Position_6,74311.06,2016-02-29 12:29:31
a7212913-be51-45f7-96fb-8e84d6afd5be,Employee_753,Position_8,138082.96,2019-03-27 07:29:14
9f652c62-b3db-45ac-84e4-e7cf9ee46eb4,Employee_754,Position_7,59074.44,2016-02-11 05:41:18
8ea57f9b-7637-4add-aca4-5667aac161a5,Employee_755,Position_6,105099.49,2024-12-27 12:58:41
3ae4b8ad-558c-40ba-a46b-0e92ddd5114d,Employee_756,Position_2,59948.9,2016-01-23 14:52:35
801c34b0-554b-4638-9cf6-bf21d3ae5baa,Employee_757,Position_3,91489.42,2018-07-06 04:29:00
34f4b875-b034-4fd4-aacb-f1062c859c57,Employee_758,Position_5,50076.33,2017-06-03 07:13:41
f5da27f1-f921-4cd6-8781-e049aaa85c93,Employee_759,Position_1,132253.9,2015-01-04 23:52:33
872268a0-72e7-4bca-a940-81a90d4a1393,Employee_760,Position_2,75245.39,2015-07-01 06:23:32
f0f6226b-bf10-444f-8a13-81294d0585bf,Employee_761,Position_1,117605.07,2024-12-24 03:37:45
30038341-825e-407b-a7d1-3ae671e9c345,Employee_762,Position_5,95079.3,2019-04-04 11:42:16
a628d00a-59e4-4645-b03d-c13388bfdebb,Employee_763,Position_1,62675.38,2019-10-20 09:11:44
50ee400a-fef5-4aee-a495-63324dc5e22c,Employee_764,Position_4,65542.53,2018-06-29 08:39:02
d6b0c79f-da94-41b3-a40d-8669b70a0947,Employee_765,Position_4,93535.3,2015-07-24 14:54:03
a08ec865-06ae-4c42-8d67-9177ea1b0e91,Employee_766,Position_3,93189.14,2024-12-14 05:19:56
85936013-cfba-4b37-942c-8c8732d3c6e9,Employee_767,Position_4,108980.64,2024-12-12 10:47:55
3aa553be-1647-41ff-9287-f8decacf4f9b,Employee_768,Position_5,95359.58,2021-05-13 12:51:36
f6536584-f53c-41b0-90d2-7695585ac9d3,Employee_769,Position_7,57386.02,2022-03-13 05:43:41
3c7c6681-3478-4deb-a915-e31fd175aec9,Employee_770,Position_3,50248.67,2020-05-16 07:28:14
e1434e82-0ac3-4d05-9d8d-5e06d00a1a61,Employee_771,Position_8,114424.47,2020-08-24 06:27:41
44d77d38-5e35-4b6a-8495-35ba09d87e86,Employee_772,Position_4,39376.52,2019-02-27 19:26:31
fd4c556a-bf6c-4a79-9fc6-8caf39f074a6,Employee_773,Position_3,56131.25,2020-06-22 19:32:18
61bfbb5b-51e3-491d-b158-a95b192e9ba8,Employee_774,Position_4,136834.17,2019-09-02 18:44:54
a01e0c7f-c73d-45f4-a32e-01a2f4e7b39f,Employee_775,Position_4,97827.49,2024-08-11 16:14:57
b824e7d4-c2ce-404d-a07f-ab7fff74db0a,Employee_776,Position_7,96584.29,2016-08-09 14:38:05
1781cdc7-e736-4333-9754-32ec2821b9d5,Employee_777,Position_4,30287.57,2021-08-15 18:22:10
4afbd5a3-cd8c-4e6f-9d6c-1f366c6ef4d4,Employee_778,Position_3,34699.52,2023-11-30 19:16:47
4e13a05e-68dc-4309-a91c-3d8142375d24,Employee_779,Position_3,128006.98,2023-05-28 06:12:25
03ff9596-5e1e-4862-a1ce-881b526f2f86,Employee_780,Position_8,55020.83,2016-07-18 03:23:06
ea224231-6ace-4452-8cc7-e21e67e2d0da,Employee_781,Position_7,58996.24,2021-03-28 13:28:54
8be5daac-5938-427a-bd3f-470408e2c592,Employee_782,Position_2,123738.52,2024-08-24 15:03:26
01362e6f-6b87-4d01-9ecf-f5224ae1e06e,Employee_783,Position_2,34878.55,2015-09-15 18:20:13
302e2e89-e9d7-4523-a2dc-e8632ce060d0,Employee_784,Position_5,135552.6,2024-11-22 04:32:41
9568c8c9-2280-43fc-977e-38f58d3ce5f3,Employee_785,Position_4,137104.78,2015-08-31 15:25:53
4a65c2fe-651b-4dcd-9097-7713621847c1,Employee_786,Position_4,39457.46,2016-08-20 18:57:02
93848970-af09-4f1f-95b3-f58e73b923ba,Employee_787,Position_6,39669.3,2021-03-20 12:21:49
c1bfaf6d-4c4f-405a-9325-896d39a237b8,Employee_788,Position_9,147471.0,2018-03-11 01:40:14
3f488d0e-c04a-4558-8666-c3b805aba36f,Employee_789,Position_4,68126.03,2020-07-01 01:44:51
cb6e8e77-915a-4b87-8060-8e13b06d53a4,Employee_790,Position_2,101348.52,2018-03-18 18:19:12
f1dee9c7-e6a3-4b4a-a1b4-e9b31ff91ce3,Employee_791,Position_5,38216.58,2016-02-13 09:50:47
e9976585-7f85-442b-910e-f64fa5594f7c,Employee_792,Position_4,59068.24,2016-01-14 04:53:36
d2456d0f-95a2-4ba4-aaf5-30feb3e1ac55,Employee_793,Position_9,32190.84,2019-06-22 14:23:53
f2e0b065-42fe-4c3b-a38e-f2a373008d7f,Employee_794,Position_3,99089.28,2019-07-10 09:04:57
b401641b-0859-46c2-90d4-01c76c2bbf74,Employee_795,Position_8,124824.08,2019-04-25 18:11:22
e0d6af10-6442-4d84-b067-d3c802c3a59a,Employee_796,Position_1,120738.95,2021-03-11 05:23:55
6281a5d6-a1dd-4bdf-a00e-f079931f04ca,Employee_797,Position_8,134554.67,2020-07-19 05:10:39
d1bd9c86-7a45-46bf-96b5-4f015acfb51a,Employee_798,Position_3,72688.03,2024-10-15 14:25:53
a75695f9-e649-4eb2-a8be-8ec9d9893dea,Employee_799,Position_7,57865.19,2024-12-17 14:55:35
7099d4d6-5219-4340-b2cd-c632c5893ed3,Employee_800,Position_8,103365.59,2017-05-18 12:38:38
25ced97b-69bc-44d5-8134-3b53a1c86684,Employee_801,Position_9,96994.03,2019-09-17 12:30:37
204ed8ac-82d2-4237-af10-bbbe85f5f9e6,Employee_802,Position_3,68310.25,2023-07-27 14:07:59
06b31ddd-e842-45b7-9450-6cc2aad618d3,Employee_803,Position_5,124561.64,2017-11-15 16:07:58
cbda318c-f2bc-487b-bbbb-d01ac398cde2,Employee_804,Position_7,134777.27,2024-10-26 05:42:05
93d4d231-b5fb-4a46-a4df-e0a77894cd21,Employee_805,Position_1,117670.08,2020-11-06 18:30:05
8463300c-3e8f-4fd4-bd4c-e5b944816a29,Employee_806,Position_5,44594.97,2018-03-13 06:35:43
d905206f-1f88-417a-a4f1-2f6833b88314,Employee_807,Position_7,145870.46,2022-05-23 23:02:12
970ef0c0-b7a4-4a95-a9e7-610f45a14d6b,Employee_808,Position_7,34069.39,2020-06-07 18:33:12
25f8deac-faa6-4555-9dc0-65d771f7cc15,Employee_809,Position_8,36139.61,2023-11-12 19:42:56
ab2da392-1ba6-4f24-a52c-f1ff54822ebc,Employee_810,Position_7,103447.22,2019-06-23 21:53:20
051d4c60-77e3-4ef1-be8e-d70af19a2260,Employee_811,Position_5,92487.24,2022-03-27 19:43:26
33fb987c-553e-475b-a702-310f83fed2e8,Employee_812,Position_1,67865.24,2023-09-25 20:34:34
ac9a4d35-0d50-420f-82d8-9a7ea6baeb28,Employee_813,Position_3,62324.91,2015-04-18 03:44:43
3586d3e2-2c89-4c82-b20e-4c9f8c2ddacb,Employee_814,Position_4,78555.17,2020-08-14 20:40:09
8a5b1ac0-daa4-40d2-b3de-88678a1ec623,Employee_815,Position_1,79271.82,2017-05-06 18:55:40
74333de0-4b64-4139-afbf-236d243a36eb,Employee_816,Position_2,57092.33,2015-08-18 11:40:51
250343e6-921e-4a88-9d6c-72b0dd1bd1f0,Employee_817,Position_1,61396.27,2022-05-24 00:11:05
b97a0a8c-3a7b-4f06-91db-a1b8f2e52aca,Employee_818,Position_4,83837.67,2024-01-16 01:24:24
a327352f-8df1-4bc8-9269-93cc05a3b577,Employee_819,Position_1,124639.4,2018-06-08 02:36:09
a9a97487-0dba-46a7-b99e-ea5a9715aeb5,Employee_820,Position_4,81312.31,2017-03-10 03:40:36
756d23a5-14ff-45e7-b199-44bb826e6102,Employee_821,Position_5,76360.46,2023-04-11 02:11:08
cfeffed4-ff99-44ff-af93-40cb705d2fa8,Employee_822,Position_2,67369.56,2022-04-29 14:17:12
5cd4fe82-48d9-4d54-8fc6-eac121492a11,Employee_823,Position_3,85086.16,2018-09-26 21:17:04
12b50387-849c-430c-87bc-29bbb79e340f,Employee_824,Position_6,122023.48,2017-04-19 21:40:03
93621b4c-61ff-4ad7-88f4-21761cf96aa1,Employee_825,Position_3,36255.5,2019-10-19 01:57:46
2a5a980e-8d15-4526-a1ce-c87bf63d65f3,Employee_826,Position_5,102374.46,2019-01-28 05:08:57
48002030-af57-475f-8148-f8c835691ce1,Employee_827,Position_5,106375.62,2016-05-23 00:35:26
ba079952-85c0-473b-8cb0-79982786095c,Employee_828,Position_2,75685.94,2019-01-22 13:10:17
5582eee3-b22a-494a-8f45-e0db0d7f3912,Employee_829,Position_5,140475.86,2020-02-12 13:20:23
48e2d19a-cde5-401c-ad35-15b2634c23de,Employee_830,Position_4,126523.18,2015-09-14 05:59:42
cc8f60ac-fac0-4025-8e8c-aae0030e3e5a,Employee_831,Position_9,40266.45,2024-11-03 01:32:42
58e3006d-8f04-4c6a-b3c9-dc26eb8de7c2,Employee_832,Position_7,92968.64,2023-01-02 14:53:43
8ae99865-a0f4-457b-b485-94fdb85076e0,Employee_833,Position_1,108359.75,2023-07-05 23:14:26
c27baadb-fc5c-4641-8a0e-152f8ee169e1,Employee_834,Position_8,128993.17,2019-06-29 07:39:49
7d93b6f1-74c7-4b18-9bb6-c174e4b0cb9d,Employee_835,Position_4,128911.66,2019-02-26 09:52:24
6cbfc254-de56-4b77-9865-6d38b3d5145e,Employee_836,Position_1,32933.68,2015-06-03 00:46:26
395f4d2c-35ec-4f91-a6db-90ca19057eee,Employee_837,Position_7,52377.04,2023-10-06 17:18:02
90e50794-83ca-44c0-9f0b-5563f2228893,Employee_838,Position_4,98779.38,2023-01-25 18:28:28
546cb8a2-76e2-4712-8680-f1b92ac6f329,Employee_839,Position_6,146771.22,2016-12-23 14:56:59
9a81967f-3534-4fe4-a816-09030f720e52,Employee_840,Position_2,99998.61,2021-07-29 15:53:14
696c6e91-5a52-4232-b9c0-59d45e27bbcb,Employee_841,Position_8,76330.62,2017-12-27 04:22:20
261a578d-c184-417a-adc5-ead73617efba,Employee_842,Position_7,117531.7,2017-01-22 23:44:38
8476618b-34e1-4f0e-a079-e08651c9ceb5,Employee_843,Position_2,35411.37,2018-12-24 18:38:25
5e54fb1c-6f24-412f-9860-625c808c744c,Employee_844,Position_1,54462.31,2022-09-17 08:25:36
09bbba54-83e4-41f1-9139-d20773baece3,Employee_845,Position_3,127543.86,2015-02-04 11:23:39
f9226d2e-3ab4-42d2-8647-1ea3bb84ce50,Employee_846,Position_3,69981.89,2016-09-10 23:34:29
eb4e6efe-44d6-432b-9a56-0000989664b7,Employee_847,Position_6,56452.39,2017-12-06 22:33:43
e7abbf7e-abe5-4822-a4fe-787f98428722,Employee_848,Position_8,109769.59,2021-02-14 06:10:42
33f375aa-6730-4440-818c-f8d4311bdff2,Employee_849,Position_8,142780.41,2020-03-04 10:12:36
348a2407-55f3-4bc8-a047-87d34449f8f5,Employee_850,Position_3,148297.54,2020-07-18 13:19:53
4a6faf4c-9440-413a-8f29-39180d82d91b,Employee_851,Position_8,135616.92,2015-05-26 02:41:59
01b83a27-165b-4e98-8775-2086232358fe,Employee_852,Position_3,45612.72,2021-06-16 01:44:21
2bd7b16a-afd9-4521-8de4-cf349ceee846,Employee_853,Position_9,77859.23,2024-08-25 00:14:16
369e62e9-7167-4979-bd98-4778888cf4f6,Employee_854,Position_3,73728.75,2021-02-25 09:07:29
a4652e37-a1cd-4133-a894-d107623b208a,Employee_855,Position_2,104653.15,2024-06-30 09:02:20
8b44a780-9559-442e-be24-522d7fb2d5a9,Employee_856,Position_1,121703.3,2015-09-08 09:55:42
ebd3a9a3-11ae-478a-ae40-c6fbea6d9248,Employee_857,Position_9,146844.43,2020-06-26 22:03:12
1e1ee0a5-fe13-43c6-ab81-e11c77540a49,Employee_858,Position_3,97395.71,2020-09-02 17:01:16
9f91e7ed-2930-4b71-b4de-5835f5fd8cb0,Employee_859,Position_3,129925.08,2018-01-12 22:03:13
d7f21412-b979-4fab-b6c6-2c93824915f8,Employee_860,Position_9,116647.61,2022-08-25 03:53:33
77794a20-728a-44da-aca0-863ed12545c7,Employee_861,Position_9,112886.15,2017-02-27 18:44:43
fe52efd6-017d-4933-bc50-8b460753198d,Employee_862,Position_8,38672.86,2019-01-24 21:23:37
db67ed3b-01d3-42d6-9d46-4781e87c5f9a,Employee_863,Position_4,91100.15,2024-01-17 02:13:48
6a55e294-790c-4331-a9e7-90b6c6df8fcc,Employee_864,Position_1,102504.62,2020-05-25 17:29:23
cdd6126e-1d92-486c-9d52-04b913d203d4,Employee_865,Position_3,117184.38,2024-12-16 06:06:43
c7fa098a-9a62-466a-aeca-008ac9e62e74,Employee_866,Position_8,80218.7,2021-10-14 00:49:55
2b139b2b-941b-422f-896b-3e890701cde0,Employee_867,Position_2,105822.79,2020-12-30 20:39:32
c0d3e51b-a8e7-46ce-bf7c-df7a9f0ba841,Employee_868,Position_9,96196.93,2019-07-18 19:06:17
9bef4325-212a-4b0e-a9e8-9b175635b07f,Employee_869,Position_8,40544.99,2016-11-07 14:24:32
4eb5211c-38ee-4eda-84a8-dad31d4af89d,Employee_870,Position_4,101542.39,2023-10-22 12:23:34
8185715b-528d-4fc2-a934-d6f26f926dd2,Employee_871,Position_7,136477.21,2022-10-23 04:51:17
cf25b13e-d979-4634-a552-5e957683028e,Employee_872,Position_5,115280.54,2021-01-23 15:37:18
f38a778e-2fb2-4169-a8b2-7af40ea44f10,Employee_873,Position_5,143077.98,2017-08-30 22:47:27
61cf32fa-0a51-4d27-9b11-db7ce6f2cb5b,Employee_874,Position_9,147356.81,2020-06-18 11:44:37
a17092a8-e290-4ae3-8e82-ecf6e4000191,Employee_875,Position_7,84520.98,2017-06-29 19:10:40
c05218b9-d199-4739-bf6c-4b1b25e32a79,Employee_876,Position_8,147150.62,2024-07-20 11:01:39
dd0640a6-4566-4be1-ad1d-17858dd28406,Employee_877,Position_9,51099.87,2021-06-16 07:43:00
e8ccd8c6-9448-430e-a3ec-b243cca1d11f,Employee_878,Position_4,126524.94,2015-01-24 10:50:42
d2869d53-9791-44b2-9fd4-d5ea9291bd3c,Employee_879,Position_3,32014.87,2017-12-16 15:34:52
07eb24a8-d17e-44b7-b567-88fec71625ab,Employee_880,Position_8,129241.02,2016-04-01 09:22:50
d6e8f313-0b33-4f52-9484-f5d793b29737,Employee_881,Position_2,50205.94,2017-12-23 16:07:08
a2fc6eb8-5e95-4e9e-920b-9add29f725ba,Employee_882,Position_5,31842.15,2024-01-22 00:07:22
5fc8d3d6-9639-4cc9-8a79-f2c7ce37d078,Employee_883,Position_7,39381.64,2018-03-29 21:50:32
790b3353-e82e-4f07-9f4c-1c6ff641fde0,Employee_884,Position_2,74101.05,2019-02-25 03:07:15
7f2b223a-6955-473c-b811-b17706dbeb94,Employee_885,Position_5,142780.36,2021-01-21 08:44:38
e4d3bbe7-e2d2-4c2e-bc4a-b583b202f732,Employee_886,Position_8,30347.17,2015-08-01 22:04:15
c11ea935-a156-48c8-bb2e-5e782af401eb,Employee_887,Position_6,135789.83,2024-12-19 23:26:23
e0eb3a5b-0e71-45ca-ba2e-5ab8cfc988c6,Employee_888,Position_2,139329.01,2024-09-07 17:42:21
be9c4bab-b457-4a79-a205-f03074af58c4,Employee_889,Position_3,103235.47,2015-03-20 17:48:48
7e71f8d4-9097-410b-81d3-6bf410626730,Employee_890,Position_9,85088.94,2019-12-19 11:09:23
5f88466d-fbb2-4da1-b5ba-edce20bf26cc,Employee_891,Position_9,63621.59,2015-11-11 19:54:53
653d5032-3b09-46a4-9166-25ec9d06dd91,Employee_892,Position_5,35814.2,2022-01-15 14:32:20
573e440c-f9e8-4ba4-88a6-128734acc2cb,Employee_893,Position_2,65381.45,2015-02-03 09:45:44
3f25e9d5-1546-4dad-bf8b-782e4cf72260,Employee_894,Position_8,128300.36,2020-12-31 21:51:06
40f4542e-ecf5-4d92-9c54-105ca8da48c3,Employee_895,Position_5,111086.06,2020-06-15 08:34:03
268edbe2-4cf8-4333-9da8-d3bed02ecf0c,Employee_896,Position_4,129094.98,2023-12-07 23:10:05
38b340c9-4c4b-4014-90be-60483031d469,Employee_897,Position_1,114312.76,2021-01-28 15:17:37
f48d8585-7d14-4968-9046-6b24480f97d8,Employee_898,Position_4,110572.51,2019-08-29 05:20:17
8ad79ae0-b3c2-4c3e-beaf-fea574c764df,Employee_899,Position_5,67267.69,2018-12-06 09:19:49
78cb704e-b0c6-4605-b2c8-2da756edb7cc,Employee_900,Position_7,128732.56,2018-03-17 07:26:38
8c49daa2-8dd6-4ddb-9c6d-ddbd91e2247a,Employee_901,Position_2,78075.19,2020-08-23 18:53:03
69166e70-947f-4756-acff-7a05d8ec2662,Employee_902,Position_3,103653.95,2021-05-13 16:45:30
429e0b25-6902-4c62-b92a-5f8667e34ea8,Employee_903,Position_8,141470.5,2019-12-22 16:42:07
9de30004-f120-4c69-b3cb-65f5fda44ac1,Employee_904,Position_6,110763.34,2019-07-28 10:47:44
0c5b0edf-2c92-49ca-81ec-4490decac419,Employee_905,Position_4,131911.8,2016-06-28 18:07:19
1c5987b2-0833-4192-93a4-f282f779c485,Employee_906,Position_9,127913.93,2021-06-24 00:02:35
e8e54bca-b13d-4e9c-aa5f-46b8282c9fcc,Employee_907,Position_2,39068.1,2015-07-10 01:21:08
d072b621-f6c3-4f2f-9c78-ea458019d6be,Employee_908,Position_2,75362.15,2020-10-03 08:24:40
92f26f3b-7a32-4f1e-97fb-49f8ad411357,Employee_909,Position_1,58646.63,2019-05-31 04:55:45
db2f433c-9e48-4452-8f98-80ba323bd0df,Employee_910,Position_2,101337.34,2017-10-21 08:15:49
f33ec0e6-5ef7-48eb-aaba-8eb56f6b7879,Employee_911,Position_8,70013.29,2019-03-27 07:29:01
9fd7014c-130d-42db-bdfb-9896ae3b9f62,Employee_912,Position_9,106241.89,2023-01-26 21:11:58
6d421933-bf92-42ab-b483-f9dfb331bc2f,Employee_913,Position_2,104945.11,2016-10-12 21:15:37
f017b07f-a377-4b08-b7da-f0ebcc699c68,Employee_914,Position_7,99470.32,2022-06-02 07:09:58
c13ce332-5ce5-4c1e-8413-05593eb43f0b,Employee_915,Position_9,146313.72,2018-08-14 14:55:30
65dd797d-78da-4bea-93e9-1bfca6d9e12d,Employee_916,Position_9,137093.17,2021-09-15 06:11:28
e8d07ad8-6c91-4971-babb-fd4c434e77b9,Employee_917,Position_6,33377.3,2019-11-07 06:57:14
9904da26-bb31-4999-bac4-e37418d5ccec,Employee_918,Position_4,142736.98,2018-08-18 06:55:58
b2d8f906-ba71-48f1-8834-b2aba2668d05,Employee_919,Position_8,128404.09,2019-08-09 14:21:11
a6f0ee95-251f-44e0-89de-4d8e9243b715,Employee_920,Position_6,130121.04,2016-09-19 12:29:44
da63e7ca-b677-4dbf-a78f-5555a140ebcb,Employee_921,Position_2,73484.15,2015-12-29 13:48:13
fb633d48-01e1-46e7-9443-f028bacba7da,Employee_922,Position_9,37748.26,2021-12-04 21:47:12
c09676c2-01ab-474a-af4f-6aebbbe6b817,Employee_923,Position_5,74051.84,2022-05-20 11:06:21
34b3a2b5-9f97-4a20-a762-28007636038c,Employee_924,Position_3,122485.57,2021-05-27 12:52:59
160e0252-9d6d-4ae7-bbef-39955f0708ac,Employee_925,Position_7,84653.11,2015-05-29 12:09:23
07459c12-246b-41c3-b9bc-073a5183e2f4,Employee_926,Position_1,47790.43,2022-08-18 18:47:23
e642a7ab-888f-4aa5-86ce-4bda06374240,Employee_927,Position_2,60564.08,2023-08-13 20:58:36
27d481e8-0e95-4be6-97e8-d789d95e707c,Employee_928,Position_8,128645.77,2017-03-27 05:48:35
d64152d4-fda9-4a64-985d-5aff74651edb,Employee_929,Position_9,85072.19,2015-10-15 17:44:39
ad205c4b-f54d-4ec5-9463-2bf2f243fde8,Employee_930,Position_5,117317.68,2017-12-17 05:36:12
c930236a-bd38-4f97-b0ec-1db0cdc1be5f,Employee_931,Position_2,34136.84,2018-04-07 19:18:55
d673627f-e21d-4d1e-a3c4-c7d5c6359bd2,Employee_932,Position_5,32713.2,2023-09-20 16:46:42
10b70521-12cc-40b0-a8ad-5528117b6292,Employee_933,Position_4,64887.5,2021-04-02 15:55:04
6c9d1560-085a-43fb-9d05-c60f65f7aaf3,Employee_934,Position_1,133826.11,2019-10-14 05:51:45
b7ff7c19-025b-4745-9342-9d7534cb20e9,Employee_935,Position_5,146644.55,2019-01-31 15:31:47
b2212629-0fe1-44ca-870f-ee84bdbbf823,Employee_936,Position_6,119544.78,2020-10-24 20:27:40
7f7dd5a4-8db4-4922-a61d-33c8494003dc,Employee_937,Position_3,37054.41,2017-08-04 15:51:23
1abd9a09-a4ed-43de-ad55-9fe1c0bbc353,Employee_938,Position_9,118256.63,2024-02-11 04:24:21
f823a23f-db12-4bae-9780-ca3dacaef811,Employee_939,Position_7,65806.41,2019-09-20 04:35:01
7a13b85e-aedf-4ae9-84db-54d03e4f6a88,Employee_940,Position_5,110718.01,2015-05-12 20:04:37
0fcd309d-001e-4f2b-a6f6-d630b4296834,Employee_941,Position_5,130323.63,2016-09-26 15:14:38
60601811-64f7-4bd6-85ba-c6deab8f6926,Employee_942,Position_8,45654.93,2023-04-06 01:03:16
c9294b39-5261-4bb3-94a2-ee25961dff68,Employee_943,Position_4,52057.44,2015-09-24 23:50:31
2c7d1bf6-0bb4-4889-99ad-085cdb8537c8,Employee_944,Position_8,115272.63,2020-10-08 07:24:54
7ca959f7-a622-401e-ad77-140ac8d605bf,Employee_945,Position_7,35007.41,2016-03-27 16:51:55
0289e23e-4340-4769-96c7-922f3c80948d,Employee_946,Position_3,39325.91,2021-07-25 14:59:10
bcecd3c7-5568-485e-beec-6ef3fb003505,Employee_947,Position_8,72945.16,2022-04-17 01:49:44
ef3474f3-465e-4684-a2fa-91ea0f78c6fb,Employee_948,Position_1,120355.9,2019-12-31 13:00:12
db6dc022-696b-4d38-86a0-0bb76134c53d,Employee_949,Position_4,30969.74,2024-08-17 20:19:59
5f94ca2d-8746-4fc9-b282-3afefc929186,Employee_950,Position_5,89367.13,2024-09-13 04:42:55
2f311db3-232b-4473-b5a9-d2ed643c28a2,Employee_951,Position_7,128447.1,2021-01-08 00:27:52
c2a61c26-b42a-4e43-868f-5b8cca45cf6f,Employee_952,Position_9,117439.71,2015-03-01 22:48:08
b81a1b1f-c153-4ece-bcce-fa4416f01771,Employee_953,Position_1,93748.79,2016-04-12 12:59:45
89b6037c-010c-4bcd-86e9-db347968b502,Employee_954,Position_6,79500.75,2023-09-09 22:44:26
445036eb-87d1-4ad5-befb-2334b788bd13,Employee_955,Position_3,81314.09,2022-09-25 08:11:50
ba8f8d62-07be-4357-a59f-b5a758dd1b28,Employee_956,Position_8,36288.62,2018-07-16 07:13:02
735047c6-f5ad-4b59-9590-a6849a43445e,Employee_957,Position_8,125132.97,2016-01-02 22:54:24
c880bbb4-7f54-466f-a682-cdb6bd17a533,Employee_958,Position_8,111808.08,2020-08-27 04:45:34
7d7b6da7-4355-4f4b-921a-fc1444def8ac,Employee_959,Position_6,102962.35,2020-09-05 17:47:11
ce1da6ab-8a85-44c1-8578-2f463dbcbba4,Employee_960,Position_7,96597.68,2024-06-06 01:50:50
4118b0a4-df6e-4303-9c22-bbb812698479,Employee_961,Position_3,104530.73,2016-05-22 14:45:39
aa9f732f-3476-492f-b2b7-0d25748df942,Employee_962,Position_6,32780.09,2017-06-11 23:57:54
feddfa42-5725-451f-8de9-354697691f42,Employee_963,Position_3,39330.66,2019-11-16 13:19:42
8e3a3425-18bf-460b-8ff8-186cc159811f,Employee_964,Position_3,147515.76,2018-06-26 18:00:43
0bc26aa6-f85f-49a2-8b8d-5cc01c62ff27,Employee_965,Position_6,79060.72,2023-12-07 06:23:36
0f0fccf7-256a-463d-9712-2e41145ac935,Employee_966,Position_6,99014.5,2020-01-24 03:56:20
6200b156-8dbc-4d45-975d-74b9d36280e2,Employee_967,Position_6,108713.54,2017-10-29 06:53:52
753df76f-2d43-4752-9815-2fd4c6ecac93,Employee_968,Position_1,64328.1,2022-11-25 18:05:41
3ef44913-bf59-427f-86f5-b24b1f319063,Employee_969,Position_2,63014.27,2016-10-09 15:53:41
bdfda4de-bb96-4446-890f-e08345988ebf,Employee_970,Position_2,31755.46,2021-04-06 17:55:22
b3755026-f1e9-449c-b494-e51983e70920,Employee_971,Position_7,95449.65,2017-05-29 12:26:23
79425826-62b6-453e-983f-396d837b5a3d,Employee_972,Position_7,71960.99,2015-03-24 23:29:56
c8991bdf-673a-42f1-a64c-2f38de8c3c69,Employee_973,Position_4,54532.72,2024-07-06 02:00:22
7a8fdbce-a1f6-43c0-ae5b-99adc2d01e44,Employee_974,Position_6,108122.98,2018-09-08 11:55:55
a2fe6c85-6033-4f4e-aca9-e5e4bea937a9,Employee_975,Position_6,89176.85,2018-12-01 04:48:19
b26a68a3-faa3-43b8-80e8-b8fef47e5f18,Employee_976,Position_7,113348.05,2022-03-27 01:02:51
e4b2c9e8-4b87-41cf-8f92-8b0c06b332a3,Employee_977,Position_3,34809.74,2020-10-18 06:52:36
9380a0dd-f596-4476-9280-ed6a73fa9a1d,Employee_978,Position_3,76333.6,2017-12-22 01:47:42
f4ec69d6-1ac8-40bc-93d1-643e323b8f9f,Employee_979,Position_7,144805.6,2022-03-29 06:43:19
aad4e231-266d-432c-899a-f9c3610ce723,Employee_980,Position_2,79487.7,2022-05-28 14:19:51
b381af6b-6d6c-4145-aa0c-83f32556eaef,Employee_981,Position_7,89573.04,2024-05-29 09:31:33
6fe5b7ed-c018-4771-a7f5-8f346fbba7c0,Employee_982,Position_5,130500.6,2017-10-31 02:36:09
19f49182-58c6-4d5e-8182-7e6255df5dc4,Employee_983,Position_9,99861.01,2023-10-29 15:41:07
ff851f9e-077f-4734-b266-6447b1cfa1dd,Employee_984,Position_7,124365.08,2020-02-01 04:41:10
9825b10e-d0d3-4a53-940d-936dc835960f,Employee_985,Position_7,32760.62,2019-03-04 16:10:02
8300a898-2850-4960-bd5c-67a6c5eb51dc,Employee_986,Position_2,132146.36,2020-08-09 11:59:31
c2ef42b7-4aea-4d17-9bd3-e4d7d084356a,Employee_987,Position_9,52652.34,2017-11-07 05:31:49
6a6dc41c-4f61-41b0-8b79-92d19f819f6a,Employee_988,Position_1,87564.23,2019-06-10 02:42:20
1959a1c0-a84b-4316-b1c0-6370abd7f16f,Employee_989,Position_8,118589.05,2021-09-17 16:12:13
2f1d2aeb-4e5a-47cf-9be9-5f55a4521272,Employee_990,Position_1,37155.75,2021-09-24 11:19:36
c062e64c-30d8-4d67-b5cd-6362a1ddeae8,Employee_991,Position_6,36175.83,2020-05-27 21:34:05
dda2067c-f9c9-47ca-b69f-e7afb496fe97,Employee_992,Position_4,80409.17,2024-07-21 00:11:54
851b5500-f01b-4c46-8e92-7178fe00eaa1,Employee_993,Position_7,110899.08,2022-11-10 17:59:21
1e5ed741-11b0-41b0-b779-2d56113def41,Employee_994,Position_8,147308.51,2022-08-22 21:24:31
f91dd7ae-e680-4213-834d-c2e3f6368ea8,Employee_995,Position_4,136253.4,2018-02-10 01:14:38
68e06c96-16f3-4278-ac9f-171e3edf259c,Employee_996,Position_4,103719.62,2015-02-22 02:05:51
b5caba50-43a3-45ef-a660-e3c5469614a3,Employee_997,Position_1,70677.41,2023-02-07 01:42:50
2c4e225d-4eac-4e3c-93f7-9114b6c53683,Employee_998,Position_7,66733.99,2019-11-10 17:23:20
b935751a-9280-4af1-bf22-f4aeee2bf4fe,Employee_999,Position_1,98265.67,2021-10-26 20:01:15
